"cd","sal_start","sal_end","total_month","data_month","NA_month","NA_rate","data_2016","qnty.mon_ave","qnty.mon_median","qnty.mon_min","qnty.mon_max","qnty.all"
"3J120F50M2B002990","2016/04","2016/06",3,2,1,0.333333333333333,TRUE,1,1,1,1,2
"3J121F54M2B002990","2016/06","2016/06",1,1,0,0,TRUE,1,1,1,1,1
"3J140F50M2B002990","2016/05","2016/05",1,1,0,0,FALSE,1,1,1,1,1
"3J14CF54M2B502990","2016/06","2016/06",1,1,0,0,TRUE,1,1,1,1,1
"B2301HSD","2015/03","2016/06",16,16,0,0,TRUE,99.6875,105,3,179,1595
"B2301HSD#","2015/10","2016/02",5,2,3,0.6,FALSE,1.5,1.5,1,2,3
"B2320DT","2013/01","2016/06",42,38,4,0.0952380952380952,TRUE,19.8421052631579,21,1,44,754
"B2320DTN-1","2013/07","2016/06",36,36,0,0,TRUE,9.05555555555556,8,1,18,326
"B2320DTN-1#","2015/04","2016/05",14,3,11,0.785714285714286,FALSE,2.33333333333333,2,1,4,7
"B2320DTWO","2013/06","2016/06",37,36,1,0.027027027027027,TRUE,7.11111111111111,6.5,2,20,256
"B2320HSD","2013/02","2016/06",41,38,3,0.0731707317073171,TRUE,79.5526315789474,83,1,207,3023
"B2320HSD#","2013/10","2015/04",19,7,12,0.631578947368421,FALSE,1,1,1,1,7
"B2320HSDN","2013/07","2016/05",35,21,14,0.4,FALSE,3.28571428571429,2,1,8,69
"B26","2013/03","2016/06",40,39,1,0.025,TRUE,31.7435897435897,28,1,96,1238
"B26#","2013/06","2014/04",11,2,9,0.818181818181818,FALSE,1.5,1.5,1,2,3
"B2601HSD","2014/12","2016/06",19,17,2,0.105263157894737,TRUE,173.823529411765,205,2,315,2955
"B2601HSD#","2015/08","2016/02",7,2,5,0.714285714285714,FALSE,2,2,2,2,4
"B2620HSD","2013/03","2016/06",40,37,3,0.075,TRUE,85.1081081081081,81,1,261,3149
"B2620HSD#","2014/09","2014/09",1,1,0,0,FALSE,1,1,1,1,1
"B2630HSD-R","2014/03","2014/03",1,1,0,0,FALSE,1,1,1,1,1
"B2650HSD","2014/02","2016/06",29,29,0,0,TRUE,140.931034482759,131,1,298,4087
"B2650HSD#","2014/08","2015/11",16,4,12,0.75,FALSE,1,1,1,1,4
"B2650HSDC","2013/05","2016/06",38,38,0,0,TRUE,56.0789473684211,55,1,135,2131
"B2650HSDC#","2013/09","2016/04",32,5,27,0.84375,FALSE,2,1,1,6,10
"B2920HSD","2013/03","2016/04",38,36,2,0.0526315789473684,FALSE,37.9166666666667,13,1,146,1365
"B3000HSDC","2013/04","2015/08",29,19,10,0.344827586206897,FALSE,4.63157894736842,4,1,12,88
"B3000HSDCC","2013/04","2016/01",34,24,10,0.294117647058824,FALSE,9.125,4.5,1,36,219
"B3030HSD-F","2013/10","2014/03",6,2,4,0.666666666666667,FALSE,1,1,1,1,2
"B3030HSDCC","2013/11","2014/06",8,2,6,0.75,FALSE,1,1,1,1,2
"B3200HSD","2013/03","2016/05",39,35,4,0.102564102564103,FALSE,62.7428571428571,16,1,242,2196
"B3200HSD#","2013/09","2013/12",4,3,1,0.25,FALSE,1,1,1,1,3
"B3200HSDWO","2013/07","2015/11",29,22,7,0.241379310344828,FALSE,4.45454545454545,2.5,1,13,98
"B3300SUHSDP","2013/02","2016/04",39,32,7,0.179487179487179,FALSE,54.28125,31.5,1,162,1737
"B3300SUHSDP#","2013/08","2015/02",19,4,15,0.789473684210526,FALSE,1,1,1,1,4
"B3350HSD","2014/03","2016/06",28,28,0,0,TRUE,32.9642857142857,29.5,1,87,923
"B3350HSD#","2014/04","2014/09",6,2,4,0.666666666666667,FALSE,2.5,2.5,1,4,5
"B3350HSDC","2013/09","2016/06",34,34,0,0,TRUE,28.6470588235294,29.5,8,54,974
"B3350HSDC#","2015/03","2016/04",14,3,11,0.785714285714286,FALSE,1.33333333333333,1,1,2,4
"B3350SUHSD","2014/03","2016/06",28,28,0,0,TRUE,26.7857142857143,25,2,63,750
"B3350SUHSD#","2014/09","2016/01",17,3,14,0.823529411764706,FALSE,1.33333333333333,1,1,2,4
"BX1860","2013/07","2014/09",15,11,4,0.266666666666667,FALSE,1.81818181818182,1,1,5,20
"BX1860T54","2013/07","2016/05",35,9,26,0.742857142857143,FALSE,1.66666666666667,1,1,3,15
"BX1860TV48P","2013/07","2014/04",10,4,6,0.6,FALSE,1.5,1,1,3,6
"BX1860TV54","2013/07","2014/07",13,11,2,0.153846153846154,FALSE,3,2,1,7,33
"BX1860V","2013/03","2015/04",26,12,14,0.538461538461538,FALSE,3.58333333333333,2.5,1,12,43
"BX1870","2013/07","2016/06",36,32,4,0.111111111111111,TRUE,8.59375,5,1,46,275
"BX1870-1","2014/04","2016/06",27,27,0,0,TRUE,15.4814814814815,12,2,43,418
"BX1870T54","2013/05","2016/06",38,32,6,0.157894736842105,TRUE,10.375,6.5,1,42,332
"BX1870T54-1","2014/03","2016/06",28,27,1,0.0357142857142857,TRUE,17.7037037037037,15,1,53,478
"BX1870TV48P","2013/07","2015/10",28,21,7,0.25,FALSE,4.66666666666667,4,1,15,98
"BX1870TV48P-1","2014/03","2016/06",28,27,1,0.0357142857142857,TRUE,7.2962962962963,6,1,18,197
"BX1870TV54","2013/05","2016/06",38,33,5,0.131578947368421,TRUE,19.4242424242424,10,1,63,641
"BX1870TV54-1","2014/02","2016/06",29,29,0,0,TRUE,52.1379310344828,43,5,125,1512
"BX1870TV54#","2013/12","2013/12",1,1,0,0,FALSE,1,1,1,1,1
"BX1870V","2013/02","2016/05",40,34,6,0.15,FALSE,20.8823529411765,15.5,1,80,710
"BX1870V-1","2014/03","2016/06",28,28,0,0,TRUE,52.8571428571429,44,6,125,1480
"BX2360","2013/03","2015/04",26,10,16,0.615384615384615,FALSE,1.4,1,1,2,14
"BX2360RV","2013/03","2016/04",38,18,20,0.526315789473684,FALSE,3.38888888888889,2,1,15,61
"BX2360RV60","2013/04","2015/04",25,15,10,0.4,FALSE,2.66666666666667,1,1,11,40
"BX2360T60","2013/05","2014/12",20,12,8,0.4,FALSE,2.16666666666667,2,1,6,26
"BX2360TV54P","2013/07","2014/03",9,6,3,0.333333333333333,FALSE,1.83333333333333,2,1,3,11
"BX2360TV60","2013/07","2014/04",10,10,0,0,FALSE,4,3.5,1,8,40
"BX2360V","2013/07","2014/08",14,13,1,0.0714285714285714,FALSE,4.69230769230769,3,1,13,61
"BX2370","2013/04","2016/06",39,28,11,0.282051282051282,TRUE,10.9285714285714,8,1,34,306
"BX2370-1","2014/02","2016/06",29,29,0,0,TRUE,19.1724137931034,16,1,58,556
"BX2370RV","2013/05","2016/06",38,31,7,0.184210526315789,TRUE,25.1612903225806,14,1,91,780
"BX2370RV-1","2014/02","2016/06",29,29,0,0,TRUE,75.7241379310345,62,1,188,2196
"BX2370RV#","2013/11","2013/11",1,1,0,0,FALSE,1,1,1,1,1
"BX2370RV60","2013/04","2016/04",37,29,8,0.216216216216216,FALSE,35.3448275862069,28,1,128,1025
"BX2370RV60-1","2014/02","2016/06",29,29,0,0,TRUE,97.6551724137931,86,4,263,2832
"BX2370RV60#","2013/09","2013/09",1,1,0,0,FALSE,1,1,1,1,1
"BX2370RV60D-1","2015/06","2016/06",13,13,0,0,TRUE,64.5384615384615,48,4,147,839
"BX2370T60","2013/07","2016/05",35,29,6,0.171428571428571,FALSE,12.1379310344828,8,1,39,352
"BX2370T60-1","2014/02","2016/06",29,29,0,0,TRUE,18.2758620689655,13,1,61,530
"BX2370TV54D-1","2015/07","2016/06",12,12,0,0,TRUE,29.3333333333333,29.5,2,62,352
"BX2370TV54D-1#","2015/12","2015/12",1,1,0,0,FALSE,1,1,1,1,1
"BX2370TV54P","2013/07","2015/10",28,22,6,0.214285714285714,FALSE,5.90909090909091,5.5,1,15,130
"BX2370TV54P-1","2014/03","2016/06",28,28,0,0,TRUE,10.2142857142857,10,1,30,286
"BX2370TV60","2013/05","2016/06",38,29,9,0.236842105263158,TRUE,24.7931034482759,14,1,93,719
"BX2370TV60-1","2014/02","2016/06",29,29,0,0,TRUE,60.6551724137931,53,3,157,1759
"BX2370TV60-1#","2014/11","2014/11",1,1,0,0,FALSE,1,1,1,1,1
"BX2370TV60#","2013/10","2013/10",1,1,0,0,FALSE,2,2,2,2,2
"BX2370TV60D-1","2015/06","2016/06",13,13,0,0,TRUE,39.6923076923077,28,2,92,516
"BX2370TV60D-1#","2015/08","2015/11",4,2,2,0.5,FALSE,1,1,1,1,2
"BX2370V","2013/05","2016/05",37,32,5,0.135135135135135,FALSE,25.59375,13,1,101,819
"BX2370V-1","2014/02","2016/06",29,29,0,0,TRUE,59.8965517241379,51,1,154,1737
"BX25DLB-R","2013/05","2016/05",37,34,3,0.0810810810810811,FALSE,99.6470588235294,26,1,461,3388
"BX25DLB-R-1","2014/02","2016/06",29,29,0,0,TRUE,345.241379310345,301,7,681,10012
"BX25DLB-R-1#","2014/11","2016/03",17,3,14,0.823529411764706,FALSE,1.33333333333333,1,1,2,4
"BX25DLB-R#","2013/09","2014/03",7,4,3,0.428571428571429,FALSE,2.25,1,1,6,9
"BX25DLB-T","2013/07","2015/10",28,25,3,0.107142857142857,FALSE,11.8,6,1,48,295
"BX25DLB-T-1","2014/03","2016/06",28,28,0,0,TRUE,25.2142857142857,19.5,1,58,706
"BX25DLB-T-1#","2015/06","2015/06",1,1,0,0,FALSE,1,1,1,1,1
"BX25LB-R","2013/05","2015/05",25,19,6,0.24,FALSE,6.73684210526316,4,1,25,128
"BX25LB-T","2013/07","2016/03",33,9,24,0.727272727272727,FALSE,1.33333333333333,1,1,2,12
"BX2660","2013/07","2015/04",22,11,11,0.5,FALSE,1.72727272727273,1,1,4,19
"BX2660BV","2013/07","2014/10",16,5,11,0.6875,FALSE,1.2,1,1,2,6
"BX2660RV","2013/05","2015/04",24,17,7,0.291666666666667,FALSE,4.41176470588235,4,1,12,75
"BX2660RV#","2013/02","2013/02",1,1,0,0,FALSE,1,1,1,1,1
"BX2660RV60","2013/04","2015/11",32,20,12,0.375,FALSE,3.45,2,1,12,69
"BX2660TV","2013/05","2015/11",31,16,15,0.483870967741935,FALSE,2.6875,2.5,1,6,43
"BX2660TV60","2013/03","2014/09",19,15,4,0.210526315789474,FALSE,4.4,2,1,17,66
"BX2670","2013/04","2016/05",38,29,9,0.236842105263158,FALSE,5.10344827586207,3,1,16,148
"BX2670-1","2014/03","2016/06",28,28,0,0,TRUE,8.32142857142857,8,1,21,233
"BX2670BV","2013/07","2016/06",36,29,7,0.194444444444444,TRUE,1.96551724137931,1,1,5,57
"BX2670BV-1","2014/02","2016/06",29,23,6,0.206896551724138,TRUE,3.34782608695652,2,1,9,77
"BX2670BV-1#","2016/04","2016/04",1,1,0,0,FALSE,2,2,2,2,2
"BX2670RV","2013/07","2016/06",36,35,1,0.0277777777777778,TRUE,15.7428571428571,7,1,60,551
"BX2670RV-1","2014/03","2016/06",28,28,0,0,TRUE,38.2142857142857,35,3,98,1070
"BX2670RV-1#","2015/03","2015/03",1,1,0,0,FALSE,1,1,1,1,1
"BX2670RV60","2013/05","2016/06",38,34,4,0.105263157894737,TRUE,27.9117647058824,17,1,106,949
"BX2670RV60-1","2014/02","2016/06",29,29,0,0,TRUE,58.6896551724138,54,6,176,1702
"BX2670RV60#","2013/09","2015/07",23,3,20,0.869565217391304,FALSE,1,1,1,1,3
"BX2670RV60D-1","2015/06","2016/06",13,13,0,0,TRUE,50.2307692307692,39,3,116,653
"BX2670RV60D-1#","2015/07","2015/07",1,1,0,0,FALSE,1,1,1,1,1
"BX2670TV","2013/07","2016/06",36,34,2,0.0555555555555556,TRUE,7.41176470588235,4,1,26,252
"BX2670TV-1","2014/02","2016/06",29,29,0,0,TRUE,12.1034482758621,12,2,25,351
"BX2670TV#","2014/12","2014/12",1,1,0,0,FALSE,1,1,1,1,1
"BX2670TV60","2013/05","2016/06",38,34,4,0.105263157894737,TRUE,14.1470588235294,11,1,50,481
"BX2670TV60-1","2014/03","2016/06",28,28,0,0,TRUE,25.8571428571429,21.5,3,57,724
"BX2670TV60#","2013/11","2014/01",3,2,1,0.333333333333333,FALSE,1,1,1,1,2
"BX2670TV60D-1","2015/07","2016/06",12,12,0,0,TRUE,18.25,17,4,38,219
"F-2560E-R","2014/05","2014/05",1,1,0,0,FALSE,1,1,1,1,1
"F2680E","2013/04","2016/05",38,12,26,0.684210526315789,FALSE,2.75,2,1,6,33
"F2690","2013/12","2016/06",31,30,1,0.032258064516129,TRUE,18.0666666666667,17,4,36,542
"F2690E","2013/12","2016/06",31,31,0,0,TRUE,8,7,1,18,248
"F3080","2013/07","2016/06",36,22,14,0.388888888888889,TRUE,5.45454545454545,2,1,33,120
"F3680","2013/03","2016/04",38,29,9,0.236842105263158,FALSE,11.3793103448276,3,1,60,330
"F3680#","2013/09","2016/04",32,2,30,0.9375,FALSE,1.5,1.5,1,2,3
"F3990","2013/11","2016/06",32,32,0,0,TRUE,27.28125,27,1,62,873
"F3990#","2014/10","2015/06",9,3,6,0.666666666666667,FALSE,1,1,1,1,3
"GR2010G-48","2016/02","2016/02",1,1,0,0,FALSE,1,1,1,1,1
"GR2010GA-48","2013/09","2015/04",20,4,16,0.8,FALSE,1,1,1,1,4
"GR2010GAB-48","2014/03","2014/03",1,1,0,0,FALSE,1,1,1,1,1
"GR2020G-48","2013/02","2016/05",40,28,12,0.3,FALSE,7.71428571428571,4.5,1,26,216
"GR2020G-48#","2013/09","2013/09",1,1,0,0,FALSE,1,1,1,1,1
"GR2020G2-48","2014/05","2016/06",26,26,0,0,TRUE,16.3461538461538,12.5,5,43,425
"GR2020GB2-48","2014/06","2016/06",25,19,6,0.24,TRUE,4.42105263157895,3,1,26,84
"GR2020GB48","2013/07","2016/05",35,12,23,0.657142857142857,FALSE,2.66666666666667,2,1,8,32
"GR2110-54","2013/02","2016/06",41,26,15,0.365853658536585,TRUE,2.19230769230769,2,1,5,57
"GR2110B54","2013/09","2016/06",34,11,23,0.676470588235294,TRUE,1.27272727272727,1,1,2,14
"GR2120-2-48","2014/05","2016/06",26,26,0,0,TRUE,11.3846153846154,8.5,2,26,296
"GR2120-2-48#","2015/09","2015/09",1,1,0,0,FALSE,1,1,1,1,1
"GR2120-2-54","2014/06","2016/06",25,25,0,0,TRUE,44.4,33,6,108,1110
"GR2120-48","2013/07","2016/05",35,23,12,0.342857142857143,FALSE,7.04347826086957,4,1,23,162
"GR2120-54","2013/03","2016/06",40,39,1,0.025,TRUE,24.8717948717949,10,1,152,970
"GR2120-54#","2013/09","2013/09",1,1,0,0,FALSE,1,1,1,1,1
"GR2120B-2-54","2014/06","2016/06",25,24,1,0.04,TRUE,7.75,5,1,21,186
"GR2120B54","2013/07","2016/04",34,25,9,0.264705882352941,FALSE,5.52,2,1,23,138
"K008T4","2013/03","2016/06",40,40,0,0,TRUE,21.5,20,2,66,860
"K008T4#","2013/03","2016/06",40,3,37,0.925,TRUE,1.33333333333333,1,1,2,4
"KX018-4R1","2013/07","2016/06",36,36,0,0,TRUE,24.8611111111111,23.5,4,61,895
"KX018-4R1#","2013/04","2016/02",35,3,32,0.914285714285714,FALSE,1.66666666666667,2,1,2,5
"KX018-4R2","2013/07","2016/06",36,31,5,0.138888888888889,TRUE,2.83870967741935,2,1,8,88
"KX040-4R1","2013/08","2016/06",35,35,0,0,TRUE,6.68571428571429,7,1,18,234
"KX040-4R1#","2014/10","2014/10",1,1,0,0,FALSE,1,1,1,1,1
"KX040-4R1A","2013/08","2016/06",35,35,0,0,TRUE,21.5428571428571,19,3,60,754
"KX040-4R1AP","2013/09","2016/05",33,27,6,0.181818181818182,FALSE,3.14814814814815,3,1,8,85
"KX040-4R1AP#","2014/09","2015/10",14,2,12,0.857142857142857,FALSE,1,1,1,1,2
"KX040-4R1P","2013/08","2016/06",35,17,18,0.514285714285714,TRUE,1.58823529411765,1,1,3,27
"KX040-4R1T","2014/06","2016/06",25,25,0,0,TRUE,12.44,11,2,29,311
"KX040-4R3","2013/09","2016/06",34,29,5,0.147058823529412,TRUE,2.79310344827586,2,1,8,81
"KX040-4R3A","2013/07","2016/06",36,36,0,0,TRUE,19.2222222222222,16,3,64,692
"KX040-4R3A#","2013/04","2015/07",28,2,26,0.928571428571429,FALSE,1,1,1,1,2
"KX040-4R3AP","2013/07","2016/06",36,36,0,0,TRUE,8.66666666666667,7,1,28,312
"KX040-4R3AP#","2014/02","2014/02",1,1,0,0,FALSE,1,1,1,1,1
"KX040-4R3P","2014/03","2016/06",28,12,16,0.571428571428571,TRUE,1.41666666666667,1,1,3,17
"KX040-4R3T","2014/06","2016/06",25,25,0,0,TRUE,14.48,14,3,29,362
"KX040-4R3T#","2014/08","2014/08",1,1,0,0,FALSE,1,1,1,1,1
"KX040-4S1","2013/12","2013/12",1,1,0,0,FALSE,1,1,1,1,1
"KX040-4S1A","2013/11","2015/09",23,2,21,0.91304347826087,FALSE,1,1,1,1,2
"KX040-4S1AP","2013/12","2016/05",30,4,26,0.866666666666667,FALSE,1,1,1,1,4
"KX040-4S1T","2016/03","2016/03",1,1,0,0,FALSE,1,1,1,1,1
"KX040-4S3A","2013/09","2016/05",33,8,25,0.757575757575758,FALSE,1.5,1.5,1,2,12
"KX040-4S3AP","2014/02","2016/06",29,9,20,0.689655172413793,TRUE,1,1,1,1,9
"KX040-4S3T","2016/04","2016/06",3,2,1,0.333333333333333,TRUE,1,1,1,1,2
"KX0404R1TP","2014/07","2016/06",24,24,0,0,TRUE,6.5,8,1,14,156
"KX0404R3TP","2014/06","2016/06",25,25,0,0,TRUE,14.4,15,4,43,360
"KX0404R3TP#","2014/09","2014/09",1,1,0,0,FALSE,1,1,1,1,1
"KX0404S3TP","2015/03","2016/06",16,7,9,0.5625,TRUE,1,1,1,1,7
"KX057-4R1","2013/12","2016/06",31,23,8,0.258064516129032,TRUE,1.8695652173913,2,1,5,43
"KX057-4R1A","2013/08","2016/06",35,35,0,0,TRUE,6.34285714285714,6,1,17,222
"KX057-4R1A#","2015/04","2015/04",1,1,0,0,FALSE,1,1,1,1,1
"KX057-4R1AP","2013/08","2016/06",35,27,8,0.228571428571429,TRUE,2.11111111111111,1,1,7,57
"KX057-4R1P","2013/12","2015/11",24,9,15,0.625,FALSE,1,1,1,1,9
"KX057-4R1P#","2016/06","2016/06",1,1,0,0,TRUE,2,2,2,2,2
"KX057-4R3","2013/09","2016/06",34,29,5,0.147058823529412,TRUE,2.68965517241379,2,1,7,78
"KX057-4R3A","2013/07","2016/06",36,36,0,0,TRUE,16.9166666666667,15.5,3,46,609
"KX057-4R3AP","2013/07","2016/06",36,36,0,0,TRUE,14.1111111111111,14,3,45,508
"KX057-4R3AP#","2014/07","2014/07",1,1,0,0,FALSE,1,1,1,1,1
"KX057-4R3P","2013/07","2016/06",36,25,11,0.305555555555556,TRUE,1.68,1,1,5,42
"KX057-4S3A","2013/10","2016/06",33,13,20,0.606060606060606,TRUE,1.23076923076923,1,1,2,16
"KX057-4S3AP","2014/07","2016/06",24,12,12,0.5,TRUE,2,2,1,5,24
"KX057R1","2013/04","2015/02",23,7,16,0.695652173913043,FALSE,1.28571428571429,1,1,2,9
"KX057R1A","2013/09","2014/08",12,10,2,0.166666666666667,FALSE,1.2,1,1,2,12
"KX057R1AP","2013/07","2014/11",17,8,9,0.529411764705882,FALSE,1.75,1.5,1,4,14
"KX057R3","2013/07","2014/07",13,4,9,0.692307692307692,FALSE,2,1,1,5,8
"KX057R3A","2013/07","2014/06",12,10,2,0.166666666666667,FALSE,4.5,4.5,1,9,45
"KX057R3AP","2013/06","2016/06",37,13,24,0.648648648648649,TRUE,5.15384615384615,4,1,19,67
"KX057R3P","2013/07","2014/01",7,3,4,0.571428571428571,FALSE,1.66666666666667,2,1,2,5
"KX057S3A","2013/12","2014/03",4,2,2,0.5,FALSE,2,2,2,2,4
"KX057S3AP","2013/08","2014/02",7,3,4,0.571428571428571,FALSE,2.66666666666667,2,1,5,8
"KX080-4R3","2013/07","2016/06",36,36,0,0,TRUE,6.91666666666667,7,1,17,249
"KX080-4R3A","2013/07","2016/06",36,36,0,0,TRUE,21.6944444444444,20,3,49,781
"KX080-4R3A#","2013/08","2013/08",1,1,0,0,FALSE,1,1,1,1,1
"KX080-4S3","2013/11","2016/06",32,15,17,0.53125,TRUE,1.8,1,1,4,27
"KX080-4S3#","2014/07","2014/07",1,1,0,0,FALSE,1,1,1,1,1
"KX080-4S3A","2013/10","2016/06",33,30,3,0.0909090909090909,TRUE,2.53333333333333,2,1,6,76
"KX080-4W3","2013/07","2016/03",33,14,19,0.575757575757576,FALSE,1.35714285714286,1,1,3,19
"KX080R32P","2013/07","2015/08",26,13,13,0.5,FALSE,1.53846153846154,1,1,3,20
"KX080R3AT3","2013/01","2015/03",27,17,10,0.37037037037037,FALSE,3.82352941176471,2,1,12,65
"KX080R3T3","2013/06","2015/11",30,16,14,0.466666666666667,FALSE,2.875,2,1,13,46
"KX080S3AT3","2013/08","2014/12",17,8,9,0.529411764705882,FALSE,1.375,1,1,2,11
"KX080S3T3","2013/08","2014/07",12,3,9,0.75,FALSE,1,1,1,1,3
"KX080W3T3","2013/12","2014/08",9,4,5,0.555555555555556,FALSE,1.75,1.5,1,3,7
"KX121R1AT3","2013/07","2015/12",30,19,11,0.366666666666667,FALSE,5.05263157894737,3,1,15,96
"KX121R1T3","2013/07","2015/07",25,15,10,0.4,FALSE,2.53333333333333,2,1,10,38
"KX121R1TA","2013/05","2016/06",38,33,5,0.131578947368421,TRUE,15.7878787878788,12,1,43,521
"KX121R1TA#","2013/11","2013/11",1,1,0,0,FALSE,1,1,1,1,1
"KX121R3AT3","2013/07","2015/12",30,23,7,0.233333333333333,FALSE,5,3,1,13,115
"KX121R3T3","2013/07","2014/06",12,7,5,0.416666666666667,FALSE,1.57142857142857,1,1,3,11
"KX121R3TA","2013/07","2016/06",36,33,3,0.0833333333333333,TRUE,20.2727272727273,15,1,63,669
"KX121S1AT3","2013/08","2013/08",1,1,0,0,FALSE,1,1,1,1,1
"KX121S1T3","2013/09","2014/05",9,3,6,0.666666666666667,FALSE,1.33333333333333,1,1,2,4
"KX121S3AT3","2013/07","2015/06",24,7,17,0.708333333333333,FALSE,1.28571428571429,1,1,2,9
"KX121S3TA","2013/07","2015/01",19,9,10,0.526315789473684,FALSE,1.33333333333333,1,1,3,12
"KX41VR1T4","2013/07","2016/04",34,18,16,0.470588235294118,FALSE,2.83333333333333,1,1,10,51
"KX71-3S4R1","2013/07","2016/06",36,36,0,0,TRUE,31.2777777777778,29.5,7,81,1126
"KX71-3S4R1#","2014/07","2015/10",16,2,14,0.875,FALSE,1,1,1,1,2
"KX71-3S4R2","2013/05","2016/06",38,32,6,0.157894736842105,TRUE,3.40625,3,1,12,109
"KX71-3S4S2","2015/06","2015/06",1,1,0,0,FALSE,1,1,1,1,1
"KX71SR1T3","2013/01","2016/05",41,20,21,0.51219512195122,FALSE,3.65,2,1,12,73
"KX71SR2T3","2013/07","2016/03",33,10,23,0.696969696969697,FALSE,1.3,1,1,2,13
"KX71SS2T3","2014/10","2015/07",10,6,4,0.4,FALSE,1.66666666666667,1.5,1,3,10
"KX913S2S","2015/11","2016/05",7,2,5,0.714285714285714,FALSE,1,1,1,1,2
"KX91R1AES2","2013/08","2016/06",35,14,21,0.6,TRUE,1.78571428571429,2,1,3,25
"KX91R1AS2","2013/07","2016/06",36,36,0,0,TRUE,23.1388888888889,22,4,55,833
"KX91R1AS2#","2015/11","2015/11",1,1,0,0,FALSE,1,1,1,1,1
"KX91R1S2","2013/07","2016/06",36,36,0,0,TRUE,12,11,1,29,432
"KX91R1S2#","2014/06","2014/06",1,1,0,0,FALSE,2,2,2,2,2
"KX91R2AS2","2013/08","2016/06",35,27,8,0.228571428571429,TRUE,1.55555555555556,1,1,4,42
"KX91R2S2","2013/08","2016/05",34,22,12,0.352941176470588,FALSE,3,3,1,8,66
"KX91R3AS2","2013/08","2016/06",35,32,3,0.0857142857142857,TRUE,4.96875,4,1,13,159
"KX91R3S2","2013/08","2016/06",35,26,9,0.257142857142857,TRUE,2.53846153846154,2,1,7,66
"KX91S3S2","2014/01","2015/09",21,2,19,0.904761904761905,FALSE,1,1,1,1,2
"L2501DT","2014/11","2016/06",20,20,0,0,TRUE,164.9,161.5,5,336,3298
"L2501DT#","2015/09","2016/01",5,2,3,0.6,FALSE,1.5,1.5,1,2,3
"L2501F","2014/12","2016/06",19,18,1,0.0526315789473684,TRUE,25.5555555555556,27,2,46,460
"L2501F#","2015/10","2015/10",1,1,0,0,FALSE,1,1,1,1,1
"L2501HST","2014/11","2016/06",20,20,0,0,TRUE,240.7,239.5,3,540,4814
"L2501HST#","2015/08","2015/12",5,2,3,0.6,FALSE,1,1,1,1,2
"L2800DT-1F","2013/12","2015/07",20,4,16,0.8,FALSE,1,1,1,1,4
"L2800HST-1F","2013/09","2013/09",1,1,0,0,FALSE,1,1,1,1,1
"L3200DT","2013/03","2016/06",40,38,2,0.05,TRUE,85.7368421052632,38,1,343,3258
"L3200F","2013/06","2016/04",35,29,6,0.171428571428571,FALSE,13.3448275862069,6,1,57,387
"L3200F#","2013/11","2013/11",1,1,0,0,FALSE,1,1,1,1,1
"L3200HST","2013/04","2016/03",36,35,1,0.0277777777777778,FALSE,111.514285714286,36,1,402,3903
"L3200HST#","2013/09","2015/04",20,3,17,0.85,FALSE,1,1,1,1,3
"L3240DT-3","2013/07","2016/03",33,19,14,0.424242424242424,FALSE,3.84210526315789,2,1,11,73
"L3240F","2013/07","2015/07",25,7,18,0.72,FALSE,1,1,1,1,7
"L3240F-3","2013/10","2016/05",32,5,27,0.84375,FALSE,1.2,1,1,2,6
"L3240GST-2","2013/07","2013/07",1,1,0,0,FALSE,1,1,1,1,1
"L3240GST-3","2013/07","2015/12",30,19,11,0.366666666666667,FALSE,1.57894736842105,1,1,4,30
"L3240HST-3","2013/05","2016/03",35,24,11,0.314285714285714,FALSE,5.625,3,1,18,135
"L3240HSTC-3","2013/02","2015/05",28,16,12,0.428571428571429,FALSE,3.5,2.5,1,12,56
"L3301DT","2014/03","2016/06",28,28,0,0,TRUE,96.1428571428571,100,4,170,2692
"L3301DT#","2014/08","2016/06",23,6,17,0.739130434782609,TRUE,3,2,1,10,18
"L3301F","2014/05","2016/06",26,25,1,0.0384615384615385,TRUE,9.48,7,2,46,237
"L3301HST","2014/03","2016/06",28,28,0,0,TRUE,222.142857142857,228.5,7,424,6220
"L3301HST#","2014/11","2015/11",13,4,9,0.692307692307692,FALSE,1.25,1,1,2,5
"L3400DT-1F","2013/11","2016/05",31,3,28,0.903225806451613,FALSE,1,1,1,1,3
"L3400F-1F","2013/12","2013/12",1,1,0,0,FALSE,1,1,1,1,1
"L3400F-R","2015/07","2015/07",1,1,0,0,FALSE,1,1,1,1,1
"L3400HST-1F","2013/08","2015/06",23,5,18,0.782608695652174,FALSE,1.2,1,1,2,6
"L3400HST-1R","2013/09","2013/09",1,1,0,0,FALSE,1,1,1,1,1
"L3540GST","2014/03","2014/03",1,1,0,0,FALSE,1,1,1,1,1
"L3540GST-3","2013/09","2014/06",10,6,4,0.4,FALSE,1.66666666666667,1.5,1,3,10
"L3540HST-3","2013/05","2015/07",27,18,9,0.333333333333333,FALSE,4,3,1,13,72
"L3540HSTC-3","2013/07","2015/03",21,12,9,0.428571428571429,FALSE,5.5,4.5,2,11,66
"L3540HSTC-3#","2013/05","2013/05",1,1,0,0,FALSE,1,1,1,1,1
"L3560DT","2013/07","2016/06",36,36,0,0,TRUE,4.72222222222222,4,1,13,170
"L3560GST","2013/08","2016/06",35,35,0,0,TRUE,4.68571428571429,4,1,11,164
"L3560HST","2013/07","2016/06",36,36,0,0,TRUE,22.0277777777778,22.5,7,47,793
"L3560HST#","2013/09","2016/02",30,5,25,0.833333333333333,FALSE,1.2,1,1,2,6
"L3560HSTC","2013/05","2016/06",38,37,1,0.0263157894736842,TRUE,26.4594594594595,27,1,59,979
"L3700SUHSTP","2013/08","2013/08",1,1,0,0,FALSE,2,2,2,2,2
"L3800DT","2013/02","2016/05",40,37,3,0.075,FALSE,85.972972972973,36,1,309,3181
"L3800DT#","2013/10","2014/06",9,2,7,0.777777777777778,FALSE,1.5,1.5,1,2,3
"L3800F","2013/06","2016/06",37,29,8,0.216216216216216,TRUE,3.75862068965517,3,1,11,109
"L3800HST","2013/01","2016/05",41,40,1,0.024390243902439,FALSE,131.225,28.5,1,545,5249
"L3800HST#","2013/04","2013/10",7,3,4,0.571428571428571,FALSE,1,1,1,1,3
"L39-1","2013/07","2016/04",34,32,2,0.0588235294117647,FALSE,9.59375,9,1,20,307
"L3901DT","2014/03","2016/06",28,28,0,0,TRUE,118.392857142857,110.5,3,255,3315
"L3901DT#","2014/11","2016/06",20,7,13,0.65,TRUE,2.57142857142857,1,1,6,18
"L3901F","2014/07","2016/06",24,22,2,0.0833333333333333,TRUE,3.72727272727273,3.5,1,8,82
"L3901HST","2014/03","2016/06",28,28,0,0,TRUE,273.214285714286,261,13,604,7650
"L3901HST#","2014/08","2015/12",17,8,9,0.529411764705882,FALSE,1.25,1,1,3,10
"L3940DT-3","2013/07","2015/06",24,16,8,0.333333333333333,FALSE,3,2,1,8,48
"L3940GST-3","2013/07","2015/10",28,12,16,0.571428571428571,FALSE,2.08333333333333,2,1,4,25
"L3940HST-3","2013/07","2016/03",33,21,12,0.363636363636364,FALSE,5.61904761904762,3,1,18,118
"L3940HSTC-3","2013/07","2015/01",19,13,6,0.315789473684211,FALSE,5.69230769230769,6,1,16,74
"L4060DT","2013/07","2016/06",36,32,4,0.111111111111111,TRUE,2.90625,3,1,6,93
"L4060GST","2013/08","2016/06",35,32,3,0.0857142857142857,TRUE,3.6875,3.5,1,7,118
"L4060HST","2013/07","2016/06",36,36,0,0,TRUE,19.2777777777778,19,3,35,694
"L4060HST#","2013/09","2015/08",24,7,17,0.708333333333333,FALSE,1,1,1,1,7
"L4060HSTC","2013/07","2016/06",36,36,0,0,TRUE,36.75,38.5,9,71,1323
"L4060HSTC#","2015/12","2015/12",1,1,0,0,FALSE,1,1,1,1,1
"L4240DT-3","2013/07","2015/10",28,10,18,0.642857142857143,FALSE,1.2,1,1,2,12
"L4240GST-1","2014/10","2015/06",9,2,7,0.777777777777778,FALSE,1,1,1,1,2
"L4240GST-3","2013/07","2015/02",20,8,12,0.6,FALSE,1.375,1,1,3,11
"L4240HST","2013/08","2014/03",8,2,6,0.75,FALSE,1,1,1,1,2
"L4240HST-1","2014/04","2014/04",1,1,0,0,FALSE,1,1,1,1,1
"L4240HST-3","2013/07","2016/01",31,20,11,0.354838709677419,FALSE,3,2,1,10,60
"L4240HSTC-3","2013/03","2015/08",30,14,16,0.533333333333333,FALSE,5.78571428571429,5.5,1,13,81
"L4240HSTC-3#","2013/09","2013/09",1,1,0,0,FALSE,1,1,1,1,1
"L4400DT-1","2013/07","2015/03",21,8,13,0.619047619047619,FALSE,1.375,1,1,3,11
"L4400DT-1#","2013/08","2013/08",1,1,0,0,FALSE,1,1,1,1,1
"L4400F-1","2014/05","2014/05",1,1,0,0,FALSE,1,1,1,1,1
"L4400HST","2015/05","2015/07",3,2,1,0.333333333333333,FALSE,1.5,1.5,1,2,3
"L4400HST-1","2013/07","2014/08",14,10,4,0.285714285714286,FALSE,1.7,1,1,5,17
"L45","2013/02","2016/06",41,36,5,0.121951219512195,TRUE,20.75,23,1,51,747
"L45#","2013/10","2015/03",18,4,14,0.777777777777778,FALSE,1,1,1,1,4
"L4600DT","2013/04","2016/06",39,38,1,0.0256410256410256,TRUE,64.7368421052632,47,1,212,2460
"L4600DT#","2013/10","2013/10",1,1,0,0,FALSE,1,1,1,1,1
"L4600F","2013/04","2016/06",39,33,6,0.153846153846154,TRUE,18.2727272727273,9,1,54,603
"L4600F#","2013/10","2013/10",1,1,0,0,FALSE,1,1,1,1,1
"L4600HST","2013/02","2016/06",41,38,3,0.0731707317073171,TRUE,77.2894736842105,51,1,270,2937
"L4600HST#","2013/10","2013/10",1,1,0,0,FALSE,1,1,1,1,1
"L47","2016/03","2016/06",4,4,0,0,TRUE,50,58.5,11,72,200
"L4701DT","2014/04","2016/06",27,27,0,0,TRUE,68.1111111111111,63,2,149,1839
"L4701DT#","2016/03","2016/06",4,3,1,0.25,TRUE,4.66666666666667,2,2,10,14
"L4701F","2014/04","2016/06",27,27,0,0,TRUE,12.9259259259259,13,1,33,349
"L4701F#","2015/03","2015/03",1,1,0,0,FALSE,1,1,1,1,1
"L4701HST","2014/03","2016/06",28,28,0,0,TRUE,102.107142857143,97,1,215,2859
"L4701HST#","2014/09","2016/06",22,11,11,0.5,TRUE,2.45454545454545,2,1,9,27
"L4740GST-3","2013/08","2016/05",34,8,26,0.764705882352941,FALSE,1.375,1,1,4,11
"L4740HST","2016/03","2016/03",1,1,0,0,FALSE,1,1,1,1,1
"L4740HST-3","2013/07","2015/12",30,13,17,0.566666666666667,FALSE,1.76923076923077,1,1,4,23
"L4740HSTC-3","2013/07","2015/04",22,15,7,0.318181818181818,FALSE,4,2,1,10,60
"L4760GST","2013/06","2016/06",37,34,3,0.0810810810810811,TRUE,3.23529411764706,3,1,9,110
"L4760HST","2013/07","2016/06",36,36,0,0,TRUE,6.52777777777778,7,1,13,235
"L4760HST#","2013/12","2015/09",22,2,20,0.909090909090909,FALSE,1,1,1,1,2
"L4760HSTC","2013/07","2016/06",36,36,0,0,TRUE,20.1388888888889,19,5,48,725
"L4760HSTC#","2013/10","2015/12",27,5,22,0.814814814814815,FALSE,1,1,1,1,5
"L5040GST","2015/12","2015/12",1,1,0,0,FALSE,1,1,1,1,1
"L5040GST-3","2013/07","2015/05",23,8,15,0.652173913043478,FALSE,1.5,1,1,3,12
"L5060GST","2013/08","2016/06",35,34,1,0.0285714285714286,TRUE,3.35294117647059,3,1,10,114
"L5060GST#","2016/02","2016/02",1,1,0,0,FALSE,2,2,2,2,2
"L5240HST-3","2013/07","2015/10",28,14,14,0.5,FALSE,2.14285714285714,2,1,3,30
"L5240HSTC-3","2013/07","2015/11",29,16,13,0.448275862068966,FALSE,4.25,2,1,16,68
"L5460HST","2013/06","2016/06",37,37,0,0,TRUE,5.08108108108108,4,1,10,188
"L5460HSTC","2013/06","2016/06",37,37,0,0,TRUE,14.8378378378378,15,1,38,549
"L5460HSTC#","2015/12","2015/12",1,1,0,0,FALSE,3,3,3,3,3
"L5740HST-3","2013/07","2015/04",22,13,9,0.409090909090909,FALSE,2.53846153846154,2,1,6,33
"L5740HSTC-3","2013/07","2015/06",24,17,7,0.291666666666667,FALSE,9.23529411764706,4,1,27,157
"L6060HST","2013/07","2016/06",36,36,0,0,TRUE,9.38888888888889,9.5,3,17,338
"L6060HSTC","2013/07","2016/06",36,36,0,0,TRUE,52.5,46,15,131,1890
"L6060HSTC#","2013/09","2015/12",28,8,20,0.714285714285714,FALSE,1.25,1,1,2,10
"M100GXDTC","2013/01","2016/06",42,38,4,0.0952380952380952,TRUE,12.8157894736842,12.5,1,41,487
"M100GXDTC#","2013/09","2016/04",32,7,25,0.78125,FALSE,2.14285714285714,2,1,4,15
"M100XDTC","2013/07","2014/06",12,8,4,0.333333333333333,FALSE,1.875,1.5,1,4,15
"M108SDS","2013/12","2016/04",29,11,18,0.620689655172414,FALSE,1.72727272727273,1,1,5,19
"M108SDS2","2013/09","2016/03",31,17,14,0.451612903225806,FALSE,1.52941176470588,1,1,5,26
"M108SDSC","2013/07","2016/06",36,33,3,0.0833333333333333,TRUE,4.57575757575758,4,1,14,151
"M108SDSC#","2013/01","2015/07",31,23,8,0.258064516129032,FALSE,2.17391304347826,2,1,8,50
"M108SDSC2","2013/02","2016/06",41,34,7,0.170731707317073,TRUE,4.47058823529412,4,1,12,152
"M108SDSC2#","2013/12","2014/12",13,2,11,0.846153846153846,FALSE,1,1,1,1,2
"M108SDSL","2013/08","2015/05",22,5,17,0.772727272727273,FALSE,3.6,1,1,9,18
"M108SDSL-S","2013/08","2014/06",11,8,3,0.272727272727273,FALSE,2.75,2.5,1,5,22
"M108SDSL-SN","2013/07","2016/06",36,35,1,0.0277777777777778,TRUE,10.7142857142857,9,1,46,375
"M108SDSL2","2013/12","2013/12",1,1,0,0,FALSE,5,5,5,5,5
"M108SDSL2-SN","2013/06","2016/06",37,34,3,0.0810810810810811,TRUE,5.76470588235294,4,1,28,196
"M108SH","2013/07","2015/11",29,12,17,0.586206896551724,FALSE,1.5,1,1,3,18
"M108SHC","2013/07","2016/06",36,30,6,0.166666666666667,TRUE,2.86666666666667,2,1,9,86
"M108SHC#","2013/03","2016/02",36,8,28,0.777777777777778,FALSE,1.625,1,1,6,13
"M108SHD","2013/06","2016/05",36,33,3,0.0833333333333333,FALSE,4.87878787878788,4,1,15,161
"M108SHDC","2013/07","2016/04",34,32,2,0.0588235294117647,FALSE,17.5,16,2,47,560
"M108SHDC#","2013/08","2016/04",33,12,21,0.636363636363636,FALSE,1.91666666666667,1.5,1,5,23
"M108SHDC2","2013/06","2016/05",36,36,0,0,FALSE,12.5,11.5,1,35,450
"M108SHDC2#","2013/11","2014/07",9,2,7,0.777777777777778,FALSE,1,1,1,1,2
"M110GXDTC","2013/01","2016/06",42,42,0,0,TRUE,25.5238095238095,22,1,111,1072
"M110GXDTC#","2013/06","2016/05",36,20,16,0.444444444444444,FALSE,3.4,2,1,16,68
"M110XDTC","2013/02","2015/01",24,11,13,0.541666666666667,FALSE,1.90909090909091,2,1,4,21
"M126GXDTC","2013/05","2016/06",38,37,1,0.0263157894736842,TRUE,8.2972972972973,7,1,27,307
"M126GXDTC-F","2013/07","2016/06",36,36,0,0,TRUE,22.1666666666667,20,7,79,798
"M126GXDTC-F#","2013/09","2016/03",31,10,21,0.67741935483871,FALSE,1.4,1,1,2,14
"M126GXDTC#","2015/11","2015/11",1,1,0,0,FALSE,1,1,1,1,1
"M126XDTC","2013/02","2015/03",26,13,13,0.5,FALSE,2,1,1,6,26
"M126XDTPC","2013/07","2013/09",3,2,1,0.333333333333333,FALSE,1,1,1,1,2
"M135GXDTC","2013/02","2016/06",41,37,4,0.0975609756097561,TRUE,8.10810810810811,6,1,29,300
"M135GXDTC-F","2013/04","2016/06",39,38,1,0.0256410256410256,TRUE,44.6578947368421,40,1,163,1697
"M135GXDTC-F#","2013/04","2016/01",34,20,14,0.411764705882353,FALSE,3.1,2.5,1,10,62
"M135GXDTC#","2013/11","2015/08",22,5,17,0.772727272727273,FALSE,1.4,1,1,3,7
"M135GXDTSC-F","2013/07","2016/06",36,34,2,0.0555555555555556,TRUE,4.41176470588235,4,1,12,150
"M135GXDTSC-F#","2014/11","2015/08",10,4,6,0.6,FALSE,1.5,1,1,3,6
"M135XDTC","2013/08","2014/07",12,7,5,0.416666666666667,FALSE,2.14285714285714,2,1,3,15
"M135XDTSC","2013/09","2013/12",4,2,2,0.5,FALSE,1,1,1,1,2
"M5-091HD","2015/09","2016/06",10,10,0,0,TRUE,6.3,6,1,12,63
"M5-091HD#","2015/11","2015/11",1,1,0,0,FALSE,2,2,2,2,2
"M5-091HD12","2015/10","2016/06",9,7,2,0.222222222222222,TRUE,3.71428571428571,3,1,8,26
"M5-091HDC","2015/09","2016/06",10,10,0,0,TRUE,11.2,12,2,27,112
"M5-091HDC#","2015/11","2015/11",1,1,0,0,FALSE,2,2,2,2,2
"M5-091HDC12","2015/09","2016/06",10,10,0,0,TRUE,11,7.5,1,25,110
"M5-091HF","2016/03","2016/06",4,4,0,0,TRUE,1.75,1.5,1,3,7
"M5-091HFC","2016/04","2016/06",3,3,0,0,TRUE,1.66666666666667,2,1,2,5
"M5-111HD","2015/11","2016/06",8,8,0,0,TRUE,7.25,4.5,1,27,58
"M5-111HD12","2015/10","2016/06",9,9,0,0,TRUE,4,3,1,12,36
"M5-111HDC","2015/09","2016/06",10,10,0,0,TRUE,24.6,20.5,3,56,246
"M5-111HDC#","2015/11","2015/11",1,1,0,0,FALSE,3,3,3,3,3
"M5-111HDC12","2015/07","2016/06",12,11,1,0.0833333333333333,TRUE,24,22,1,62,264
"M5-111HDC12#","2015/11","2016/06",8,2,6,0.75,TRUE,2.5,2.5,2,3,5
"M5-111HDC24","2015/11","2016/06",8,8,0,0,TRUE,5.5,5.5,2,10,44
"M5-111HF","2015/12","2016/06",7,2,5,0.714285714285714,TRUE,2,2,1,3,4
"M5-111HFC","2015/12","2016/06",7,5,2,0.285714285714286,TRUE,3.8,2,1,10,19
"M5040DT-1","2013/08","2014/09",14,5,9,0.642857142857143,FALSE,1,1,1,1,5
"M5040F-1","2013/09","2015/03",19,4,15,0.789473684210526,FALSE,1.25,1,1,2,5
"M5040FC-1","2013/08","2013/08",1,1,0,0,FALSE,1,1,1,1,1
"M5040HD-1","2013/10","2013/11",2,2,0,0,FALSE,1.5,1.5,1,2,3
"M5040HDC-1","2013/12","2013/12",1,1,0,0,FALSE,1,1,1,1,1
"M5140DT","2013/07","2015/10",28,21,7,0.25,FALSE,5.80952380952381,4,1,19,122
"M5140DTC","2013/07","2015/02",20,15,5,0.25,FALSE,2.86666666666667,3,1,8,43
"M5140F","2013/07","2015/06",24,13,11,0.458333333333333,FALSE,2,2,1,5,26
"M5140F#","2014/03","2014/03",1,1,0,0,FALSE,1,1,1,1,1
"M5140FC","2013/07","2014/07",13,6,7,0.538461538461538,FALSE,2.83333333333333,1,1,10,17
"M5140HD","2013/02","2016/06",41,38,3,0.0731707317073171,TRUE,29.4210526315789,28.5,1,79,1118
"M5140HDC","2013/03","2015/11",33,21,12,0.363636363636364,FALSE,8.38095238095238,7,1,24,176
"M5640SU","2013/07","2016/01",31,26,5,0.161290322580645,FALSE,5.73076923076923,4,1,17,149
"M5640SU#","2015/02","2015/02",1,1,0,0,FALSE,1,1,1,1,1
"M5640SUD","2013/03","2016/04",38,28,10,0.263157894736842,FALSE,11.2857142857143,10.5,1,34,316
"M5640SUD-1","2014/01","2016/06",30,30,0,0,TRUE,9.96666666666667,6,1,30,299
"M5640SUD#","2014/08","2014/08",1,1,0,0,FALSE,2,2,2,2,2
"M5660SUH","2015/05","2016/06",14,14,0,0,TRUE,8.57142857142857,8.5,1,19,120
"M5660SUHD","2014/12","2016/06",19,15,4,0.210526315789474,TRUE,53.9333333333333,55,1,105,809
"M5660SUHD#","2015/09","2016/02",6,4,2,0.333333333333333,FALSE,1.25,1,1,2,5
"M59","2013/06","2016/06",37,34,3,0.0810810810810811,TRUE,15.8823529411765,16,1,44,540
"M59#","2014/03","2014/12",10,2,8,0.8,FALSE,1,1,1,1,2
"M6-101DTC-F","2015/10","2016/06",9,6,3,0.333333333333333,TRUE,2.33333333333333,1,1,6,14
"M6-111DTC-F","2015/10","2016/06",9,9,0,0,TRUE,7.55555555555556,8,2,18,68
"M6-111DTC-F#","2015/11","2016/02",4,2,2,0.5,FALSE,2,2,2,2,4
"M6-131DTC-F","2015/11","2016/06",8,7,1,0.125,TRUE,5,4,1,11,35
"M6-131DTC-F#","2016/04","2016/04",1,1,0,0,FALSE,2,2,2,2,2
"M6-141DTC-F","2015/12","2016/06",7,7,0,0,TRUE,7.42857142857143,9,3,13,52
"M6-141DTC-F#","2015/11","2015/11",1,1,0,0,FALSE,7,7,7,7,7
"M6-141DTSC-F","2016/04","2016/06",3,3,0,0,TRUE,1,1,1,1,3
"M6040DT","2013/12","2013/12",1,1,0,0,FALSE,1,1,1,1,1
"M6040DT-1","2013/07","2015/07",25,21,4,0.16,FALSE,5.52380952380952,3,1,17,116
"M6040DTC-1","2013/07","2014/07",13,12,1,0.0769230769230769,FALSE,2.83333333333333,2.5,1,10,34
"M6040F-1","2013/07","2016/06",36,13,23,0.638888888888889,TRUE,1.53846153846154,1,1,4,20
"M6040FC-1","2013/09","2015/06",22,4,18,0.818181818181818,FALSE,1.25,1,1,2,5
"M6040HD-1","2013/04","2015/10",31,24,7,0.225806451612903,FALSE,7.08333333333333,3.5,1,35,170
"M6040HD-1#","2013/12","2013/12",1,1,0,0,FALSE,1,1,1,1,1
"M6040HDC-1","2013/07","2015/09",27,19,8,0.296296296296296,FALSE,6.42105263157895,4,1,18,122
"M6040HDC-1#","2013/12","2013/12",1,1,0,0,FALSE,1,1,1,1,1
"M6040HDNB-1","2013/07","2016/06",36,29,7,0.194444444444444,TRUE,3.89655172413793,3,1,13,113
"M6060HD","2013/07","2016/06",36,36,0,0,TRUE,40.4444444444444,39,4,82,1456
"M6060HD#","2013/09","2016/05",33,15,18,0.545454545454545,FALSE,3.2,2,1,20,48
"M6060HDC","2013/07","2016/06",36,36,0,0,TRUE,36.6944444444444,37.5,2,84,1321
"M6060HDC#","2013/09","2015/11",27,6,21,0.777777777777778,FALSE,1.16666666666667,1,1,2,7
"M6060HFC","2013/07","2016/06",36,31,5,0.138888888888889,TRUE,3.25806451612903,2,1,11,101
"M62","2016/03","2016/06",4,4,0,0,TRUE,20.75,18.5,4,42,83
"M7040DT-1","2013/06","2015/06",25,19,6,0.24,FALSE,6.15789473684211,6,1,17,117
"M7040DT-1#","2013/10","2013/10",1,1,0,0,FALSE,1,1,1,1,1
"M7040DTC-1","2013/07","2016/06",36,21,15,0.416666666666667,TRUE,5.80952380952381,4,1,22,122
"M7040F-1","2013/07","2015/11",29,10,19,0.655172413793103,FALSE,2,2,1,4,20
"M7040FC-1","2013/07","2015/10",28,20,8,0.285714285714286,FALSE,2.6,2,1,11,52
"M7040HD-1","2013/04","2016/06",39,20,19,0.487179487179487,TRUE,13.7,8.5,1,55,274
"M7040HD-1#","2014/03","2014/03",1,1,0,0,FALSE,1,1,1,1,1
"M7040HDC-1","2013/01","2016/06",42,26,16,0.380952380952381,TRUE,22.5384615384615,9,1,92,586
"M7040HDC-1#","2013/12","2013/12",1,1,0,0,FALSE,1,1,1,1,1
"M7040HDNB-1","2013/07","2016/06",36,36,0,0,TRUE,6.02777777777778,4,1,30,217
"M7040HDNBC-1","2013/08","2016/05",34,31,3,0.0882352941176471,FALSE,3.29032258064516,3,1,11,102
"M7040SU","2013/09","2015/05",21,6,15,0.714285714285714,FALSE,1.33333333333333,1,1,2,8
"M7040SUD","2013/11","2015/05",19,4,15,0.789473684210526,FALSE,1.5,1,1,3,6
"M7040SUH","2013/07","2016/06",36,35,1,0.0277777777777778,TRUE,9.57142857142857,8,1,36,335
"M7040SUH#","2015/06","2015/06",1,1,0,0,FALSE,1,1,1,1,1
"M7040SUHD","2013/04","2016/06",39,38,1,0.0256410256410256,TRUE,51.5789473684211,51,1,142,1960
"M7040SUHD#","2013/11","2014/12",14,2,12,0.857142857142857,FALSE,1,1,1,1,2
"M7060HD","2013/07","2016/06",36,36,0,0,TRUE,52.8333333333333,46.5,4,149,1902
"M7060HD#","2013/11","2015/12",26,7,19,0.730769230769231,FALSE,1.57142857142857,2,1,2,11
"M7060HD12","2013/09","2016/06",34,34,0,0,TRUE,20.3529411764706,18.5,1,52,692
"M7060HD12#","2013/09","2015/12",28,5,23,0.821428571428571,FALSE,1.2,1,1,2,6
"M7060HDC","2013/07","2016/06",36,36,0,0,TRUE,65.0277777777778,58,2,156,2341
"M7060HDC#","2013/09","2015/12",28,7,21,0.75,FALSE,2.28571428571429,3,1,4,16
"M7060HDC12","2013/08","2016/06",35,35,0,0,TRUE,52.9428571428571,49,6,118,1853
"M7060HDC12#","2013/09","2016/04",32,9,23,0.71875,FALSE,1.88888888888889,1,1,5,17
"M7060HFC","2013/09","2016/06",34,30,4,0.117647058823529,TRUE,5.16666666666667,5,1,12,155
"M8540DT-1","2013/10","2014/05",8,2,6,0.75,FALSE,1,1,1,1,2
"M8540HD-1","2013/09","2013/10",2,2,0,0,FALSE,1,1,1,1,2
"M8540HD12-1","2013/08","2013/08",1,1,0,0,FALSE,1,1,1,1,1
"M8540HDC-1","2013/08","2015/10",27,4,23,0.851851851851852,FALSE,1.25,1,1,2,5
"M8540HDC12-1","2013/06","2013/09",4,2,2,0.5,FALSE,1.5,1.5,1,2,3
"M8540HDNB-1","2013/07","2016/06",36,36,0,0,TRUE,26.5277777777778,20.5,3,131,955
"M8540HDNBC-1","2013/07","2016/05",35,34,1,0.0285714285714286,FALSE,4.38235294117647,4.5,1,10,149
"M8540HDNBC10","2013/07","2016/06",36,35,1,0.0277777777777778,TRUE,12.2,8,2,56,427
"M8540HDNBPC-1","2013/07","2016/05",35,33,2,0.0571428571428571,FALSE,5.06060606060606,3,1,20,167
"M8560HD","2013/07","2016/06",36,36,0,0,TRUE,16.9444444444444,15.5,3,45,610
"M8560HD#","2013/10","2014/11",14,3,11,0.785714285714286,FALSE,1.33333333333333,1,1,2,4
"M8560HD12","2013/07","2016/06",36,36,0,0,TRUE,8.30555555555556,8.5,1,22,299
"M8560HD12#","2014/04","2016/03",24,4,20,0.833333333333333,FALSE,1.75,2,1,2,7
"M8560HDC","2013/03","2016/06",40,38,2,0.05,TRUE,37.9473684210526,38.5,1,105,1442
"M8560HDC#","2013/11","2015/07",21,4,17,0.80952380952381,FALSE,1.75,1,1,4,7
"M8560HDC12","2013/05","2016/06",38,38,0,0,TRUE,20.5526315789474,18,1,78,781
"M8560HDC12#","2013/10","2015/07",22,10,12,0.545454545454545,FALSE,1.8,1,1,5,18
"M8560HF","2013/07","2016/06",36,30,6,0.166666666666667,TRUE,2.83333333333333,2.5,1,6,85
"M8560HF#","2013/12","2015/07",20,2,18,0.9,FALSE,1,1,1,1,2
"M8560HFC","2013/03","2016/06",40,31,9,0.225,TRUE,4,3,1,14,124
"M8560HFC#","2013/12","2015/04",17,5,12,0.705882352941177,FALSE,1.4,1,1,2,7
"M9540DT-1","2013/08","2014/03",8,4,4,0.5,FALSE,1.25,1,1,2,5
"M9540DTC-1","2013/08","2015/07",24,2,22,0.916666666666667,FALSE,1,1,1,1,2
"M9540F-1","2014/08","2014/08",1,1,0,0,FALSE,1,1,1,1,1
"M9540FC-1","2013/07","2014/08",14,4,10,0.714285714285714,FALSE,1,1,1,1,4
"M9540HD-1","2013/06","2014/12",19,7,12,0.631578947368421,FALSE,1.14285714285714,1,1,2,8
"M9540HD-1#","2014/02","2014/02",1,1,0,0,FALSE,1,1,1,1,1
"M9540HD12-1","2013/07","2013/09",3,2,1,0.333333333333333,FALSE,1,1,1,1,2
"M9540HDC-1","2013/04","2014/05",14,8,6,0.428571428571429,FALSE,1.625,1,1,4,13
"M9540HDC12-1","2013/08","2014/03",8,5,3,0.375,FALSE,1.4,1,1,3,7
"M9540HDC24-1","2013/03","2014/02",12,7,5,0.416666666666667,FALSE,1.85714285714286,2,1,3,13
"M96SDS","2013/10","2013/10",1,1,0,0,FALSE,1,1,1,1,1
"M96SDSC","2013/11","2014/02",4,2,2,0.5,FALSE,1.5,1.5,1,2,3
"M96SHDM","2013/07","2016/06",36,31,5,0.138888888888889,TRUE,5.74193548387097,3,1,23,178
"M96SHDM#","2014/02","2014/02",1,1,0,0,FALSE,1,1,1,1,1
"M9960HD","2013/07","2016/06",36,36,0,0,TRUE,14.8611111111111,14,4,34,535
"M9960HD#","2013/10","2014/10",13,3,10,0.769230769230769,FALSE,2.33333333333333,1,1,5,7
"M9960HD12","2013/07","2016/06",36,35,1,0.0277777777777778,TRUE,7.65714285714286,7,1,23,268
"M9960HDC","2013/04","2016/06",39,39,0,0,TRUE,54.1794871794872,52,2,146,2113
"M9960HDC#","2013/11","2015/04",18,7,11,0.611111111111111,FALSE,2.42857142857143,2,1,6,17
"M9960HDC12","2013/04","2016/06",39,38,1,0.0256410256410256,TRUE,41.2631578947368,38.5,1,137,1568
"M9960HDC12#","2013/08","2016/05",34,14,20,0.588235294117647,FALSE,3,1,1,22,42
"M9960HDC24","2013/07","2016/06",36,36,0,0,TRUE,10.0277777777778,9,2,27,361
"M9960HDC24#","2013/11","2016/03",29,10,19,0.655172413793103,FALSE,1.7,1,1,6,17
"M9960HDL","2013/07","2015/12",30,9,21,0.7,FALSE,1.66666666666667,1,1,3,15
"M9960HDL-S","2013/11","2016/01",27,16,11,0.407407407407407,FALSE,2.1875,1,1,6,35
"M9960HDL-S#","2016/03","2016/03",1,1,0,0,FALSE,2,2,2,2,2
"M9960HDL-SN","2013/04","2016/06",39,38,1,0.0256410256410256,TRUE,23.7105263157895,22.5,1,89,901
"M9960HDL-SN#","2015/03","2015/03",1,1,0,0,FALSE,1,1,1,1,1
"M9960HF","2013/07","2016/05",35,29,6,0.171428571428571,FALSE,2.20689655172414,2,1,10,64
"M9960HFC","2013/07","2016/06",36,31,5,0.138888888888889,TRUE,5.06451612903226,4,1,14,157
"M9960HFC#","2015/04","2016/04",13,3,10,0.769230769230769,FALSE,1.66666666666667,2,1,2,5
"MX4700DT","2013/07","2016/05",35,31,4,0.114285714285714,FALSE,13.0645161290323,9,1,45,405
"MX4700DT#","2013/11","2013/11",1,1,0,0,FALSE,2,2,2,2,2
"MX4700F","2013/05","2015/11",31,28,3,0.0967741935483871,FALSE,10.5,7,1,65,294
"MX4700F#","2013/10","2013/11",2,2,0,0,FALSE,1.5,1.5,1,2,3
"MX4700HST","2013/01","2016/06",42,32,10,0.238095238095238,TRUE,13.75,10.5,1,38,440
"MX4700HST#","2013/09","2013/11",3,3,0,0,FALSE,1.33333333333333,1,1,2,4
"MX4800DT","2014/05","2016/06",26,26,0,0,TRUE,21.9230769230769,23,5,43,570
"MX4800DT#","2014/10","2016/02",17,5,12,0.705882352941177,FALSE,1.6,2,1,2,8
"MX4800F","2014/06","2016/06",25,25,0,0,TRUE,7.12,7,1,15,178
"MX4800F#","2014/11","2014/11",1,1,0,0,FALSE,2,2,2,2,2
"MX4800HST","2014/04","2016/06",27,27,0,0,TRUE,31.4444444444444,35,5,66,849
"MX4800HST#","2014/11","2016/06",20,3,17,0.85,TRUE,2.33333333333333,2,1,4,7
"MX5100DT","2013/04","2016/01",34,33,1,0.0294117647058824,FALSE,55.4242424242424,33,1,174,1829
"MX5100DT#","2013/08","2013/11",4,3,1,0.25,FALSE,1.66666666666667,2,1,2,5
"MX5100F","2013/04","2016/06",39,31,8,0.205128205128205,TRUE,14.8387096774194,10,1,58,460
"MX5100F#","2013/10","2014/12",15,3,12,0.8,FALSE,1.66666666666667,1,1,3,5
"MX5100HST","2013/02","2016/06",41,38,3,0.0731707317073171,TRUE,58.2105263157895,15,1,196,2212
"MX5100HST#","2013/09","2013/11",3,2,1,0.333333333333333,FALSE,2,2,1,3,4
"MX5200DT","2014/03","2016/06",28,28,0,0,TRUE,77.6785714285714,93,2,148,2175
"MX5200DT#","2014/11","2016/05",19,6,13,0.684210526315789,FALSE,1.83333333333333,2,1,3,11
"MX5200F","2014/03","2016/06",28,27,1,0.0357142857142857,TRUE,13.4814814814815,14,1,36,364
"MX5200F#","2014/11","2015/10",12,3,9,0.75,FALSE,1.66666666666667,1,1,3,5
"MX5200HST","2013/12","2016/06",31,28,3,0.0967741935483871,TRUE,109.857142857143,117,1,213,3076
"MX5200HST#","2014/08","2016/05",22,8,14,0.636363636363636,FALSE,1.625,1,1,4,13
"MX5800HST","2014/12","2016/06",19,19,0,0,TRUE,69.1052631578947,72,14,134,1313
"MX5800HST#","2015/05","2016/06",14,8,6,0.428571428571429,TRUE,2,2,1,4,16
"R420S1T3","2013/07","2016/06",36,35,1,0.0277777777777778,TRUE,5.82857142857143,5,1,14,204
"R420S2T3","2013/11","2016/04",30,15,15,0.5,FALSE,2.2,2,1,4,33
"R520S1T3","2013/04","2016/05",38,34,4,0.105263157894737,FALSE,12.2352941176471,10.5,1,44,416
"R520S1T3#","2013/11","2014/07",9,2,7,0.777777777777778,FALSE,1.5,1.5,1,2,3
"R520S2T3","2013/07","2016/06",36,33,3,0.0833333333333333,TRUE,4.84848484848485,4,1,18,160
"R530R41","2015/01","2016/06",18,18,0,0,TRUE,7.16666666666667,6.5,1,18,129
"R530R41#","2016/04","2016/05",2,2,0,0,FALSE,2,2,2,2,4
"R530R43","2014/12","2016/05",18,18,0,0,FALSE,5.55555555555556,3.5,1,23,100
"R530R43#","2016/05","2016/05",1,1,0,0,FALSE,2,2,2,2,2
"R630R41","2015/01","2016/06",18,18,0,0,TRUE,3.5,2,1,10,63
"R630R41#","2015/11","2016/04",6,2,4,0.666666666666667,FALSE,3.5,3.5,1,6,7
"R630R43","2014/12","2016/06",19,19,0,0,TRUE,10.6842105263158,10,2,29,203
"R630R43#","2015/08","2016/04",9,2,7,0.777777777777778,FALSE,1.5,1.5,1,2,3
"RTV-X1100CR-A","2013/11","2016/06",32,32,0,0,TRUE,25.71875,22.5,9,80,823
"RTV-X1100CR-H","2013/11","2016/06",32,32,0,0,TRUE,6.5,7,1,14,208
"RTV-X1100CR-H#","2015/03","2015/03",1,1,0,0,FALSE,1,1,1,1,1
"RTV-X1100CRL-A","2013/10","2016/06",33,33,0,0,TRUE,71.6969696969697,65,2,161,2366
"RTV-X1100CRL-A#","2014/04","2015/06",15,3,12,0.8,FALSE,2,2,1,3,6
"RTV-X1100CRL-H","2013/11","2016/06",32,32,0,0,TRUE,20.65625,16.5,8,60,661
"RTV-X1100CRL-H#","2014/07","2014/07",1,1,0,0,FALSE,1,1,1,1,1
"RTV-X1100CW-A","2013/10","2016/06",33,33,0,0,TRUE,20.0606060606061,19,1,58,662
"RTV-X1100CW-H","2013/11","2016/06",32,32,0,0,TRUE,56.8125,55,23,121,1818
"RTV-X1100CW-H#","2014/01","2016/02",26,6,20,0.769230769230769,FALSE,1.66666666666667,1,1,4,10
"RTV-X1100CW-T","2013/11","2016/06",32,27,5,0.15625,TRUE,2.33333333333333,2,1,7,63
"RTV-X1100CWL-A","2013/11","2016/06",32,32,0,0,TRUE,49.34375,46,13,119,1579
"RTV-X1100CWL-A#","2014/04","2016/05",26,4,22,0.846153846153846,FALSE,1.25,1,1,2,5
"RTV-X1100CWL-AS","2013/10","2016/06",33,33,0,0,TRUE,20.7272727272727,19,2,47,684
"RTV-X1100CWL-AS#","2014/04","2016/06",27,7,20,0.740740740740741,TRUE,1.71428571428571,2,1,2,12
"RTV-X1100CWL-H","2013/10","2016/06",33,33,0,0,TRUE,131.787878787879,126,1,336,4349
"RTV-X1100CWL-H#","2013/12","2016/05",30,4,26,0.866666666666667,FALSE,1.25,1,1,2,5
"RTV-X1100CWL-HS","2013/11","2016/06",32,32,0,0,TRUE,26.625,23.5,10,63,852
"RTV-X1100CWL-HS#","2014/08","2016/06",23,6,17,0.739130434782609,TRUE,1.66666666666667,1,1,4,10
"RTV-X1120DR-AS","2013/11","2016/06",32,32,0,0,TRUE,14.21875,14.5,2,26,455
"RTV-X1120DR-AS#","2014/10","2015/10",13,2,11,0.846153846153846,FALSE,1,1,1,1,2
"RTV-X1120DR-HS","2013/12","2016/06",31,31,0,0,TRUE,3.64516129032258,3,1,7,113
"RTV-X1120DRL-AS","2013/12","2016/06",31,31,0,0,TRUE,35.1935483870968,35,11,67,1091
"RTV-X1120DRL-AS#","2014/04","2016/06",27,5,22,0.814814814814815,TRUE,3,4,1,5,15
"RTV-X1120DRL-HS","2013/11","2016/06",32,32,0,0,TRUE,9.03125,8.5,1,20,289
"RTV-X1120DRL-HS#","2015/03","2015/04",2,2,0,0,FALSE,1,1,1,1,2
"RTV-X1120DW-AS","2013/11","2016/06",32,32,0,0,TRUE,16.1875,16.5,2,31,518
"RTV-X1120DW-AS#","2014/05","2015/09",17,2,15,0.882352941176471,FALSE,1,1,1,1,2
"RTV-X1120DW-HS","2013/12","2016/06",31,31,0,0,TRUE,20.1935483870968,18,9,39,626
"RTV-X1120DW-HS#","2014/01","2015/04",16,3,13,0.8125,FALSE,1.33333333333333,1,1,2,4
"RTV-X1120DWL-AS","2013/11","2016/06",32,32,0,0,TRUE,38.09375,36.5,2,63,1219
"RTV-X1120DWL-AS#","2014/01","2016/03",27,8,19,0.703703703703704,FALSE,1.25,1,1,2,10
"RTV-X1120DWL-HS","2013/11","2016/06",32,32,0,0,TRUE,46.375,48,1,81,1484
"RTV-X1120DWL-HS#","2014/02","2015/12",23,4,19,0.826086956521739,FALSE,3,1.5,1,8,12
"RTV-X1140R-A","2015/11","2016/06",8,8,0,0,TRUE,21.375,21.5,2,34,171
"RTV-X1140R-H","2015/12","2016/06",7,7,0,0,TRUE,5.71428571428571,5,2,9,40
"RTV-X1140RL-A","2015/12","2016/06",7,7,0,0,TRUE,41.4285714285714,42,26,63,290
"RTV-X1140RL-H","2015/12","2016/06",7,7,0,0,TRUE,11.5714285714286,11,5,22,81
"RTV-X1140W-A","2015/11","2016/06",8,8,0,0,TRUE,14.875,15,3,24,119
"RTV-X1140W-H","2015/11","2016/06",8,8,0,0,TRUE,53.25,44.5,2,135,426
"RTV-X1140WL-A","2015/11","2016/06",8,8,0,0,TRUE,27.25,22.5,2,55,218
"RTV-X1140WL-AS","2015/12","2016/06",7,7,0,0,TRUE,7.14285714285714,5,2,16,50
"RTV-X1140WL-H","2015/12","2016/06",7,7,0,0,TRUE,67.1428571428571,35,22,182,470
"RTV-X1140WL-HS","2015/12","2016/06",7,7,0,0,TRUE,14.4285714285714,7,4,50,101
"RTV-X900G-A","2013/10","2016/06",33,33,0,0,TRUE,43.3939393939394,46,1,82,1432
"RTV-X900G-H","2013/10","2016/06",33,33,0,0,TRUE,109.666666666667,108,1,271,3619
"RTV-X900G-H#","2014/02","2016/05",28,11,17,0.607142857142857,FALSE,3.09090909090909,2,1,10,34
"RTV-X900G-T","2014/01","2016/06",30,26,4,0.133333333333333,TRUE,4,4,1,11,104
"RTV-X900R-A","2013/11","2016/06",32,32,0,0,TRUE,27.03125,26,6,48,865
"RTV-X900R-A#","2016/04","2016/04",1,1,0,0,FALSE,2,2,2,2,2
"RTV-X900R-H","2013/11","2016/06",32,32,0,0,TRUE,5.40625,5,1,15,173
"RTV-X900R-H#","2014/02","2015/04",15,2,13,0.866666666666667,FALSE,1,1,1,1,2
"RTV-X900RL-A","2013/10","2016/06",33,33,0,0,TRUE,38.1515151515151,39,2,72,1259
"RTV-X900RL-A#","2014/04","2016/06",27,3,24,0.888888888888889,TRUE,2,2,2,2,6
"RTV-X900RL-H","2013/11","2016/06",32,32,0,0,TRUE,7.34375,6.5,2,17,235
"RTV-X900RL-H#","2015/10","2015/10",1,1,0,0,FALSE,2,2,2,2,2
"RTV-X900W-A","2013/11","2016/06",32,32,0,0,TRUE,31.84375,31,14,48,1019
"RTV-X900W-A#","2015/04","2015/04",1,1,0,0,FALSE,1,1,1,1,1
"RTV-X900W-H","2013/10","2016/06",33,33,0,0,TRUE,79.5454545454545,79,1,177,2625
"RTV-X900W-H#","2014/01","2016/02",26,7,19,0.730769230769231,FALSE,2.14285714285714,2,1,4,15
"RTV-X900W-T","2013/12","2016/06",31,24,7,0.225806451612903,TRUE,3.16666666666667,2,1,13,76
"RTV-X900WL-A","2013/11","2016/06",32,32,0,0,TRUE,50.9375,52.5,15,75,1630
"RTV-X900WL-A#","2014/04","2016/05",26,4,22,0.846153846153846,FALSE,1.75,2,1,2,7
"RTV-X900WL-AS","2013/11","2016/06",32,31,1,0.03125,TRUE,6.19354838709677,6,2,13,192
"RTV-X900WL-H","2013/10","2016/06",33,33,0,0,TRUE,100.363636363636,107,1,203,3312
"RTV-X900WL-H#","2014/02","2015/12",23,9,14,0.608695652173913,FALSE,2.66666666666667,2,1,11,24
"RTV-X900WL-HS","2013/11","2016/06",32,32,0,0,TRUE,8.5625,8,2,19,274
"RTV-X900WL-HS#","2014/02","2015/05",16,3,13,0.8125,FALSE,1,1,1,1,3
"RTV-X900WL-T","2013/11","2016/06",32,28,4,0.125,TRUE,4.07142857142857,3,1,14,114
"RTV1100CR9L-A","2014/08","2014/08",1,1,0,0,FALSE,1,1,1,1,1
"RTV1100CRX-A","2013/04","2015/12",33,22,11,0.333333333333333,FALSE,7.90909090909091,3,1,25,174
"RTV1100CRX-H","2013/06","2015/12",31,18,13,0.419354838709677,FALSE,2.61111111111111,1,1,10,47
"RTV1100CRXL-A","2013/06","2015/09",28,23,5,0.178571428571429,FALSE,8.78260869565217,4,1,36,202
"RTV1100CRXL-H","2013/04","2015/12",33,18,15,0.454545454545455,FALSE,4.11111111111111,2,1,12,74
"RTV1100CWX-A","2013/03","2015/03",25,18,7,0.28,FALSE,7.33333333333333,2.5,1,28,132
"RTV1100CWX-H","2013/04","2016/02",35,27,8,0.228571428571429,FALSE,13.7777777777778,3,1,60,372
"RTV1100CWX-T","2013/07","2014/03",9,8,1,0.111111111111111,FALSE,2.25,2,1,5,18
"RTV1100CWXL-A","2013/02","2015/07",30,22,8,0.266666666666667,FALSE,9.90909090909091,2,1,35,218
"RTV1100CWXL-A#","2013/10","2013/10",1,1,0,0,FALSE,1,1,1,1,1
"RTV1100CWXL-H","2013/01","2015/11",35,25,10,0.285714285714286,FALSE,22.32,4,1,95,558
"RTV1100CWXL-H#","2013/11","2013/11",1,1,0,0,FALSE,1,1,1,1,1
"RTV1100CWXS-H","2013/12","2013/12",1,1,0,0,FALSE,2,2,2,2,2
"RTV1140CPX-A","2013/07","2016/06",36,36,0,0,TRUE,37.9444444444444,42,4,73,1366
"RTV1140CPX-A#","2014/04","2014/04",1,1,0,0,FALSE,1,1,1,1,1
"RTV1140CPX-H","2013/02","2016/06",41,39,2,0.0487804878048781,TRUE,106.230769230769,119,1,202,4143
"RTV1140CPX-H#","2013/09","2015/11",27,14,13,0.481481481481481,FALSE,2.57142857142857,1.5,1,10,36
"RTV1140CPX-T","2013/07","2016/04",34,27,7,0.205882352941176,FALSE,2.77777777777778,2,1,8,75
"RTV1140CPX-T#","2015/12","2015/12",1,1,0,0,FALSE,1,1,1,1,1
"RTV1140CPXR-A","2013/04","2016/06",39,37,2,0.0512820512820513,TRUE,51.1351351351351,56,1,114,1892
"RTV1140CPXR-A#","2013/11","2013/11",1,1,0,0,FALSE,1,1,1,1,1
"RTV1140CPXR-H","2013/07","2016/06",36,36,0,0,TRUE,11.8055555555556,10,2,30,425
"RTV1140CPXR-H#","2013/11","2015/03",17,3,14,0.823529411764706,FALSE,1,1,1,1,3
"RTV1140CPXS-H","2013/07","2013/12",6,3,3,0.5,FALSE,1,1,1,1,3
"RTV400CI-A","2013/05","2016/06",38,38,0,0,TRUE,68.3947368421053,68,1,125,2599
"RTV400CI-A#","2013/12","2016/04",29,5,24,0.827586206896552,FALSE,1.2,1,1,2,6
"RTV400CI-H","2013/01","2016/06",42,41,1,0.0238095238095238,TRUE,49.4878048780488,52,1,103,2029
"RTV400CI-H#","2013/03","2015/10",32,7,25,0.78125,FALSE,1,1,1,1,7
"RTV400CIR-A","2013/03","2016/06",40,39,1,0.025,TRUE,40.5384615384615,38,1,97,1581
"RTV400CIR-A#","2013/10","2016/02",29,4,25,0.862068965517241,FALSE,1.25,1,1,2,5
"RTV400CIR-H","2013/07","2016/06",36,36,0,0,TRUE,5.80555555555556,5,1,14,209
"RTV400CIR-H#","2015/09","2015/09",1,1,0,0,FALSE,1,1,1,1,1
"RTV500-A","2013/07","2016/06",36,36,0,0,TRUE,77.6666666666667,77.5,25,124,2796
"RTV500-A#","2014/05","2016/05",25,3,22,0.88,FALSE,1.33333333333333,1,1,2,4
"RTV500-H","2013/04","2016/06",39,39,0,0,TRUE,77.0769230769231,76,1,132,3006
"RTV500-H#","2013/09","2016/05",33,5,28,0.848484848484849,FALSE,1.4,1,1,2,7
"RTV500R-A","2013/07","2016/06",36,36,0,0,TRUE,47.9444444444444,48.5,14,79,1726
"RTV500R-A#","2013/11","2015/04",18,3,15,0.833333333333333,FALSE,1,1,1,1,3
"RTV500R-H","2013/07","2016/06",36,36,0,0,TRUE,7.94444444444444,7.5,2,14,286
"RTV500R-H#","2016/04","2016/04",1,1,0,0,FALSE,2,2,2,2,2
"RTV900G9-H","2015/06","2016/06",13,2,11,0.846153846153846,TRUE,1,1,1,1,2
"RTV900R9L-H","2013/12","2013/12",1,1,0,0,FALSE,1,1,1,1,1
"RTV900T9-H","2016/05","2016/05",1,1,0,0,FALSE,1,1,1,1,1
"RTV900W9-A","2015/12","2015/12",1,1,0,0,FALSE,1,1,1,1,1
"RTV900W9-H","2013/07","2013/07",1,1,0,0,FALSE,2,2,2,2,2
"RTV900XTG-A","2013/07","2015/03",21,17,4,0.19047619047619,FALSE,16.2941176470588,11,1,45,277
"RTV900XTG-H","2013/01","2016/04",40,31,9,0.225,FALSE,20.7741935483871,5,1,94,644
"RTV900XTGT2","2013/01","2014/11",23,13,10,0.434782608695652,FALSE,3.92307692307692,3,1,12,51
"RTV900XTR-A","2013/05","2016/02",34,27,7,0.205882352941176,FALSE,16.0740740740741,9,1,53,434
"RTV900XTR-A#","2013/10","2015/04",19,3,16,0.842105263157895,FALSE,1,1,1,1,3
"RTV900XTR-H","2013/03","2016/05",39,19,20,0.512820512820513,FALSE,4.42105263157895,1,1,17,84
"RTV900XTRL-A","2013/03","2016/01",35,28,7,0.2,FALSE,10.1071428571429,3.5,1,58,283
"RTV900XTRL-H","2013/07","2015/10",28,20,8,0.285714285714286,FALSE,2.8,2,1,8,56
"RTV900XTS-A","2013/07","2015/12",30,23,7,0.233333333333333,FALSE,8,4,1,26,184
"RTV900XTS-H","2013/01","2016/06",42,31,11,0.261904761904762,TRUE,10.5161290322581,3,1,45,326
"RTV900XTS-H#","2013/10","2014/04",7,2,5,0.714285714285714,FALSE,3,3,2,4,6
"RTV900XTT-H","2013/07","2015/09",27,18,9,0.333333333333333,FALSE,3,2,1,13,54
"RTV900XTT-T2","2013/07","2016/02",32,11,21,0.65625,FALSE,1.63636363636364,1,1,5,18
"RTV900XTT-T2#","2014/01","2014/01",1,1,0,0,FALSE,1,1,1,1,1
"RTV900XTW-A","2013/03","2015/11",33,23,10,0.303030303030303,FALSE,15.5217391304348,5,1,62,357
"RTV900XTW-H","2013/06","2016/01",32,29,3,0.09375,FALSE,30.7241379310345,11,1,132,891
"RTV900XTW-H#","2013/10","2013/11",2,2,0,0,FALSE,1,1,1,1,2
"RTV900XTWL-A","2013/02","2016/02",37,21,16,0.432432432432432,FALSE,13,5,1,46,273
"RTV900XTWL-H","2013/03","2016/06",40,30,10,0.25,TRUE,22.6666666666667,6.5,1,106,680
"RTV900XTWL-H#","2013/09","2013/11",3,2,1,0.333333333333333,FALSE,1,1,1,1,2
"SSV65","2015/12","2016/06",7,7,0,0,TRUE,12,9,1,27,84
"SSV65F","2016/02","2016/06",5,4,1,0.2,TRUE,1.5,1,1,3,6
"SSV65H","2015/12","2016/06",7,6,1,0.142857142857143,TRUE,6.5,5,2,18,39
"SSV65HC","2016/01","2016/06",6,6,0,0,TRUE,20.5,16,8,51,123
"SSV65HC#","2016/01","2016/04",4,3,1,0.25,FALSE,2.66666666666667,2,2,4,8
"SSV65HF","2016/04","2016/04",1,1,0,0,FALSE,1,1,1,1,1
"SSV65HFC","2016/02","2016/06",5,4,1,0.2,TRUE,2,2,1,3,8
"SSV65HFC#","2016/06","2016/06",1,1,0,0,TRUE,2,2,2,2,2
"SSV65HFR","2016/04","2016/04",1,1,0,0,FALSE,1,1,1,1,1
"SSV65HFR#","2016/06","2016/06",1,1,0,0,TRUE,2,2,2,2,2
"SSV65HFRC","2015/12","2016/06",7,7,0,0,TRUE,4.42857142857143,4,1,9,31
"SSV65HFRC#","2016/06","2016/06",1,1,0,0,TRUE,4,4,4,4,4
"SSV65HRC","2016/01","2016/06",6,6,0,0,TRUE,5.66666666666667,5.5,3,9,34
"SSV65R","2016/01","2016/04",4,3,1,0.25,FALSE,1,1,1,1,3
"SSV75","2016/01","2016/06",6,6,0,0,TRUE,4.5,5,1,9,27
"SSV75#","2016/03","2016/03",1,1,0,0,FALSE,4,4,4,4,4
"SSV75F","2016/03","2016/05",3,3,0,0,FALSE,1,1,1,1,3
"SSV75H","2016/04","2016/06",3,3,0,0,TRUE,9,6,3,18,27
"SSV75HC","2016/02","2016/06",5,5,0,0,TRUE,17.2,16,14,23,86
"SSV75HC#","2016/01","2016/06",6,3,3,0.5,TRUE,2.66666666666667,2,2,4,8
"SSV75HF","2016/05","2016/05",1,1,0,0,FALSE,2,2,2,2,2
"SSV75HFC","2016/02","2016/06",5,5,0,0,TRUE,6.4,5,2,12,32
"SSV75HFR","2016/04","2016/04",1,1,0,0,FALSE,1,1,1,1,1
"SSV75HFRC","2016/01","2016/06",6,6,0,0,TRUE,10.8333333333333,11,3,18,65
"SSV75HFRC#","2016/01","2016/01",1,1,0,0,FALSE,2,2,2,2,2
"SSV75HRC","2016/02","2016/06",5,5,0,0,TRUE,11.4,12,8,13,57
"SSV75HRC#","2016/04","2016/06",3,2,1,0.333333333333333,TRUE,2,2,2,2,4
"SSV75R","2016/04","2016/06",3,2,1,0.333333333333333,TRUE,1,1,1,1,2
"SVL75","2013/07","2016/02",32,21,11,0.34375,FALSE,4.61904761904762,4,1,16,97
"SVL75-2","2013/08","2016/06",35,34,1,0.0285714285714286,TRUE,11.6470588235294,11,1,35,396
"SVL75-2#","2016/06","2016/06",1,1,0,0,TRUE,6,6,6,6,6
"SVL75-2C","2013/08","2016/06",35,29,6,0.171428571428571,TRUE,3.48275862068966,3,1,12,101
"SVL75-2H","2013/11","2016/06",32,27,5,0.15625,TRUE,2.48148148148148,2,1,6,67
"SVL75-2HC","2013/08","2016/06",35,33,2,0.0571428571428571,TRUE,5.48484848484848,5,1,19,181
"SVL75-2HW","2013/09","2016/06",34,34,0,0,TRUE,13,10.5,1,37,442
"SVL75-2HW#","2014/09","2014/09",1,1,0,0,FALSE,1,1,1,1,1
"SVL75-2HWC","2013/07","2016/06",36,36,0,0,TRUE,86.25,76.5,3,272,3105
"SVL75-2HWC#","2013/10","2016/06",33,5,28,0.848484848484849,TRUE,1.4,1,1,2,7
"SVL75-2W","2013/08","2016/06",35,35,0,0,TRUE,28.6,23,1,94,1001
"SVL75-2WC","2013/08","2016/06",35,35,0,0,TRUE,5.97142857142857,6,1,14,209
"SVL75-2WC#","2015/07","2015/07",1,1,0,0,FALSE,1,1,1,1,1
"SVL75C","2013/07","2014/11",17,9,8,0.470588235294118,FALSE,1.88888888888889,1,1,4,17
"SVL75H","2013/07","2015/01",19,13,6,0.315789473684211,FALSE,2.69230769230769,2,1,8,35
"SVL75HC","2013/04","2015/02",23,20,3,0.130434782608696,FALSE,3.75,3,1,11,75
"SVL75HW","2013/07","2016/03",33,25,8,0.242424242424242,FALSE,5.68,5,1,17,142
"SVL75HWC","2013/04","2015/12",33,26,7,0.212121212121212,FALSE,22.6538461538462,10,1,91,589
"SVL75HWC#","2014/12","2014/12",1,1,0,0,FALSE,1,1,1,1,1
"SVL75W","2013/02","2016/01",36,25,11,0.305555555555556,FALSE,8,6,1,26,200
"SVL75WC","2013/07","2016/01",31,14,17,0.548387096774194,FALSE,3.57142857142857,4,1,7,50
"SVL90","2013/10","2014/04",7,3,4,0.571428571428571,FALSE,1,1,1,1,3
"SVL90-2","2013/07","2016/06",36,36,0,0,TRUE,8.94444444444444,7,2,24,322
"SVL90-2C","2013/08","2016/06",35,31,4,0.114285714285714,TRUE,3.25806451612903,3,1,13,101
"SVL90-2C#","2014/12","2015/12",13,2,11,0.846153846153846,FALSE,1,1,1,1,2
"SVL90-2F","2013/07","2016/06",36,35,1,0.0277777777777778,TRUE,4.4,4,1,10,154
"SVL90-2F#","2015/12","2015/12",1,1,0,0,FALSE,1,1,1,1,1
"SVL90-2FC","2013/07","2016/05",35,35,0,0,FALSE,5.14285714285714,5,1,14,180
"SVL90-2H","2013/08","2016/06",35,35,0,0,TRUE,4.22857142857143,4,1,10,148
"SVL90-2HC","2013/07","2016/06",36,36,0,0,TRUE,47.8888888888889,44.5,7,123,1724
"SVL90-2HC#","2014/07","2015/10",16,3,13,0.8125,FALSE,1.33333333333333,1,1,2,4
"SVL90-2HF","2013/07","2016/06",36,35,1,0.0277777777777778,TRUE,4.85714285714286,4,1,15,170
"SVL90-2HFC","2013/06","2016/06",37,37,0,0,TRUE,86.7837837837838,75,1,250,3211
"SVL90-2HFC#","2013/10","2016/02",29,9,20,0.689655172413793,FALSE,1.88888888888889,1,1,4,17
"SVL90F","2013/07","2013/09",3,3,0,0,FALSE,1,1,1,1,3
"SVL90FC","2013/09","2013/09",1,1,0,0,FALSE,1,1,1,1,1
"SVL90H","2013/11","2014/02",4,3,1,0.25,FALSE,1.33333333333333,1,1,2,4
"SVL90HC","2013/08","2013/08",1,1,0,0,FALSE,2,2,2,2,2
"SVL90HF","2013/07","2014/03",9,2,7,0.777777777777778,FALSE,1,1,1,1,2
"SVL90HFC","2013/08","2013/08",1,1,0,0,FALSE,1,1,1,1,1
"SVL95-2S","2016/01","2016/06",6,6,0,0,TRUE,12.3333333333333,12,2,25,74
"SVL95-2SC","2016/02","2016/06",5,4,1,0.2,TRUE,3.5,3.5,1,6,14
"SVL95-2SF","2016/02","2016/06",5,4,1,0.2,TRUE,3.75,4,2,5,15
"SVL95-2SFC","2015/12","2016/06",7,6,1,0.142857142857143,TRUE,1.66666666666667,1,1,3,10
"SVL95-2SH","2016/01","2016/06",6,6,0,0,TRUE,1.66666666666667,1.5,1,3,10
"SVL95-2SHC","2016/01","2016/06",6,6,0,0,TRUE,30,30.5,11,55,180
"SVL95-2SHF","2016/03","2016/06",4,3,1,0.25,TRUE,2.33333333333333,2,1,4,7
"SVL95-2SHFC","2015/12","2016/06",7,7,0,0,TRUE,99.1428571428571,133,11,179,694
"SVL95-2SHFC#","2016/06","2016/06",1,1,0,0,TRUE,2,2,2,2,2
"T1870A-48","2015/11","2015/11",1,1,0,0,FALSE,1,1,1,1,1
"T1880-42","2013/08","2015/07",24,4,20,0.833333333333333,FALSE,1,1,1,1,4
"T1880A-42","2013/03","2016/05",39,35,4,0.102564102564103,FALSE,9.14285714285714,3,1,50,320
"T1880A2-42","2014/06","2016/06",25,25,0,0,TRUE,20.64,16,2,49,516
"T2080-42","2013/06","2014/02",9,3,6,0.666666666666667,FALSE,1,1,1,1,3
"T2080A-42","2013/05","2016/06",38,34,4,0.105263157894737,TRUE,11.2647058823529,4.5,1,55,383
"T2080A2-42","2014/06","2016/06",25,25,0,0,TRUE,20.8,16,3,51,520
"T2380-48","2013/08","2016/04",33,13,20,0.606060606060606,FALSE,1.15384615384615,1,1,3,15
"T2380A-48","2013/05","2016/06",38,32,6,0.157894736842105,TRUE,11.84375,5.5,1,56,379
"T2380A2-48","2014/05","2016/06",26,25,1,0.0384615384615385,TRUE,24.64,22,1,61,616
"T2380A2-48#","2016/05","2016/05",1,1,0,0,FALSE,2,2,2,2,2
"U17VR1","2013/07","2016/06",36,36,0,0,TRUE,24.8333333333333,23,6,55,894
"U17VR1#","2014/12","2014/12",1,1,0,0,FALSE,1,1,1,1,1
"U25R1T4","2013/07","2016/06",36,36,0,0,TRUE,18.6388888888889,18.5,5,44,671
"U25R1T4#","2014/07","2016/06",24,3,21,0.875,TRUE,1.33333333333333,1,1,2,4
"U35-4R1","2013/07","2016/06",36,35,1,0.0277777777777778,TRUE,8,6,1,24,280
"U35-4R1#","2014/02","2014/02",1,1,0,0,FALSE,1,1,1,1,1
"U35-4R1A","2013/07","2016/06",36,36,0,0,TRUE,16.2222222222222,13,5,39,584
"U35-4R1A#","2014/07","2014/08",2,2,0,0,FALSE,1,1,1,1,2
"U35-4R3","2013/08","2016/06",35,32,3,0.0857142857142857,TRUE,2.84375,2,1,8,91
"U35-4R3A","2013/07","2016/06",36,36,0,0,TRUE,9.94444444444444,8.5,1,24,358
"U35R1AS2","2013/03","2016/06",40,11,29,0.725,TRUE,2.36363636363636,1,1,9,26
"U35R1S2","2013/07","2013/12",6,4,2,0.333333333333333,FALSE,1.75,2,1,2,7
"U35R2AS2","2013/11","2015/04",18,7,11,0.611111111111111,FALSE,1.28571428571429,1,1,2,9
"U35R2S2","2013/12","2014/11",12,3,9,0.75,FALSE,1.33333333333333,1,1,2,4
"U35R3AS2","2013/08","2014/12",17,8,9,0.529411764705882,FALSE,1.625,1,1,3,13
"U45R1AT3","2013/07","2014/10",16,11,5,0.3125,FALSE,2.09090909090909,2,1,5,23
"U45R1AT3#","2013/06","2013/06",1,1,0,0,FALSE,2,2,2,2,2
"U45R3AT3","2013/07","2015/03",21,12,9,0.428571428571429,FALSE,2.08333333333333,1.5,1,5,25
"U45R3AT3#","2013/06","2013/06",1,1,0,0,FALSE,1,1,1,1,1
"U55-4R1","2013/08","2016/06",35,28,7,0.2,TRUE,2.21428571428571,2,1,8,62
"U55-4R1#","2014/07","2014/07",1,1,0,0,FALSE,1,1,1,1,1
"U55-4R1A","2013/08","2016/06",35,32,3,0.0857142857142857,TRUE,4.0625,4,1,12,130
"U55-4R1A#","2015/06","2015/06",1,1,0,0,FALSE,1,1,1,1,1
"U55-4R1AP","2013/07","2016/06",36,20,16,0.444444444444444,TRUE,1.7,1,1,4,34
"U55-4R1P","2014/07","2016/04",22,6,16,0.727272727272727,FALSE,1.16666666666667,1,1,2,7
"U55-4R3","2013/12","2016/06",31,22,9,0.290322580645161,TRUE,2.18181818181818,2,1,7,48
"U55-4R3A","2013/07","2016/06",36,36,0,0,TRUE,6.08333333333333,5,1,22,219
"U55-4R3AP","2013/08","2016/06",35,35,0,0,TRUE,5.08571428571429,4,1,16,178
"U55-4R3AP#","2014/07","2014/07",1,1,0,0,FALSE,1,1,1,1,1
"U55-4R3P","2013/09","2016/03",31,11,20,0.645161290322581,FALSE,1.54545454545455,1,1,4,17
"U55-4S3AP","2014/05","2014/05",1,1,0,0,FALSE,1,1,1,1,1
"U55R1","2013/07","2014/04",10,6,4,0.4,FALSE,1.16666666666667,1,1,2,7
"U55R1A","2013/07","2014/12",18,4,14,0.777777777777778,FALSE,1,1,1,1,4
"U55R1AP","2013/07","2014/11",17,6,11,0.647058823529412,FALSE,1.83333333333333,1,1,4,11
"U55R1P","2014/05","2014/05",1,1,0,0,FALSE,1,1,1,1,1
"U55R3","2013/09","2015/09",25,5,20,0.8,FALSE,1,1,1,1,5
"U55R3A","2013/07","2014/09",15,8,7,0.466666666666667,FALSE,1.5,1,1,4,12
"U55R3AP","2013/07","2014/09",15,10,5,0.333333333333333,FALSE,2.4,2,1,6,24
"U55R3P","2014/12","2014/12",1,1,0,0,FALSE,1,1,1,1,1
"U55S3AP","2013/12","2013/12",1,1,0,0,FALSE,1,1,1,1,1
"WG14-36","2016/01","2016/06",6,6,0,0,TRUE,10.3333333333333,12,2,18,62
"WH15-48","2016/01","2016/06",6,5,1,0.166666666666667,TRUE,8.8,11,1,15,44
"WHF19-52","2016/03","2016/06",4,4,0,0,TRUE,6.5,7,1,11,26
"Z121SKH-48","2014/02","2016/06",29,29,0,0,TRUE,340.827586206897,260,4,840,9884
"Z122EBR-48","2014/02","2016/06",29,29,0,0,TRUE,213.103448275862,193,6,511,6180
"Z122EBR-48#","2014/11","2016/05",19,3,16,0.842105263157895,FALSE,1.33333333333333,1,1,2,4
"Z122RKW-42","2014/12","2016/06",19,19,0,0,TRUE,393.526315789474,306,11,856,7477
"Z122RKW-42#","2015/10","2016/06",9,2,7,0.777777777777778,TRUE,2.5,2.5,1,4,5
"Z125EBR-54","2014/02","2016/06",29,29,0,0,TRUE,102.103448275862,98,1,257,2961
"Z125EBR-54#","2016/04","2016/04",1,1,0,0,FALSE,2,2,2,2,2
"Z125SKH-54","2014/02","2016/06",29,29,0,0,TRUE,299.620689655172,222,1,787,8689
"Z723KH-48","2013/11","2016/06",32,32,0,0,TRUE,48.5,50.5,3,115,1552
"Z723KH-48#","2014/09","2014/09",1,1,0,0,FALSE,1,1,1,1,1
"Z724KH-54","2013/11","2016/06",32,32,0,0,TRUE,99.28125,100,7,230,3177
"Z724KH-54#","2014/01","2015/11",23,5,18,0.782608695652174,FALSE,1.2,1,1,2,6
"Z724XKW-48","2014/11","2016/06",20,20,0,0,TRUE,24.15,21.5,1,62,483
"Z724XKW-48#","2015/04","2015/04",1,1,0,0,FALSE,1,1,1,1,1
"Z724XKW-54","2014/12","2016/06",19,19,0,0,TRUE,67.5263157894737,49,4,175,1283
"Z724XKW-54#","2015/04","2016/01",10,2,8,0.8,FALSE,2,2,2,2,4
"Z725KH-60","2013/11","2016/06",32,32,0,0,TRUE,194.90625,174,11,516,6237
"Z725KH-60#","2014/03","2016/04",26,6,20,0.769230769230769,FALSE,1.16666666666667,1,1,2,7
"Z726XKW-60","2014/11","2016/06",20,20,0,0,TRUE,144.35,101,1,374,2887
"Z726XKW-60#","2015/04","2016/04",13,5,8,0.615384615384615,FALSE,1.8,1,1,4,9
"ZD1011-48","2016/03","2016/06",4,4,0,0,TRUE,17,17.5,7,26,68
"ZD1011-54","2016/02","2016/06",5,5,0,0,TRUE,58.2,77,10,83,291
"ZD1021-60","2016/02","2016/06",5,5,0,0,TRUE,53,62,1,94,265
"ZD1211-60","2015/12","2016/06",7,7,0,0,TRUE,191.714285714286,233,12,363,1342
"ZD1211L-72","2015/12","2016/06",7,7,0,0,TRUE,149.285714285714,184,20,294,1045
"ZD1211R-60R","2016/03","2016/06",4,4,0,0,TRUE,24.75,25,14,35,99
"ZD1211RL-72R","2016/02","2016/06",5,5,0,0,TRUE,14.4,17,1,25,72
"ZD221-48","2013/07","2016/06",36,36,0,0,TRUE,19.0277777777778,17.5,2,41,685
"ZD221-54","2013/04","2016/06",39,39,0,0,TRUE,56.974358974359,58,1,158,2222
"ZD323-60","2013/04","2016/06",39,39,0,0,TRUE,61.2051282051282,67,1,140,2387
"ZD326HL-72","2014/04","2016/06",27,27,0,0,TRUE,72.3333333333333,50,5,234,1953
"ZD326P-60","2013/03","2016/06",40,40,0,0,TRUE,160.2,133.5,2,461,6408
"ZD326P-60#","2013/09","2016/01",29,6,23,0.793103448275862,FALSE,1.16666666666667,1,1,2,7
"ZD326RP-60R","2013/04","2016/06",39,39,0,0,TRUE,23.6153846153846,19,1,68,921
"ZD326S-60","2013/04","2016/06",39,37,2,0.0512820512820513,TRUE,86.2702702702703,73,1,246,3192
"ZD331LP-72","2013/03","2016/06",40,40,0,0,TRUE,93.35,49,1,395,3734
"ZD331LP-72#","2013/09","2014/06",10,2,8,0.8,FALSE,1,1,1,1,2
"ZD331P-60","2013/04","2016/05",38,30,8,0.210526315789474,FALSE,22.7666666666667,11.5,1,95,683
"ZD331RP-60R","2013/04","2016/04",37,31,6,0.162162162162162,FALSE,6.03225806451613,6,1,14,187
"ZG123S-48","2013/02","2016/06",41,40,1,0.024390243902439,TRUE,74.85,17,1,479,2994
"ZG123S-48#","2013/09","2013/10",2,2,0,0,FALSE,1,1,1,1,2
"ZG124E-48","2013/02","2016/06",41,38,3,0.0731707317073171,TRUE,58.5526315789474,17,1,336,2225
"ZG124E-48#","2013/10","2013/12",3,2,1,0.333333333333333,FALSE,1.5,1.5,1,2,3
"ZG127E-54","2013/02","2016/06",41,39,2,0.0487804878048781,TRUE,34.6410256410256,13,1,199,1351
"ZG127E-54#","2013/10","2013/12",3,2,1,0.333333333333333,FALSE,1,1,1,1,2
"ZG127S-54","2013/01","2016/05",41,41,0,0,FALSE,83.1219512195122,19,1,457,3408
"ZG127S-54#","2013/07","2013/12",6,4,2,0.333333333333333,FALSE,1.5,1,1,3,6
"ZG222-48","2013/07","2016/02",32,2,30,0.9375,FALSE,1,1,1,1,2
"ZG222-48#","2013/04","2013/04",1,1,0,0,FALSE,1,1,1,1,1
"ZG222-48S","2013/07","2015/06",24,5,19,0.791666666666667,FALSE,1,1,1,1,5
"ZG222A-48","2013/04","2016/06",39,38,1,0.0256410256410256,TRUE,52.7105263157895,46,1,120,2003
"ZG222A-48#","2013/09","2013/09",1,1,0,0,FALSE,1,1,1,1,1
"ZG222A-48S","2013/06","2016/06",37,31,6,0.162162162162162,TRUE,3.38709677419355,3,1,11,105
"ZG227-54","2013/08","2016/05",34,9,25,0.735294117647059,FALSE,1,1,1,1,9
"ZG227A-54","2013/01","2016/06",42,40,2,0.0476190476190476,TRUE,46,42.5,1,113,1840
"ZG227A-54#","2013/10","2015/06",21,2,19,0.904761904761905,FALSE,1,1,1,1,2
"ZG227L-60","2013/07","2015/12",30,13,17,0.566666666666667,FALSE,1.69230769230769,1,1,5,22
"ZG227LA-60","2013/04","2016/06",39,38,1,0.0256410256410256,TRUE,29.8157894736842,28,1,66,1133
"ZG23-54","2015/02","2015/02",1,1,0,0,FALSE,1,1,1,1,1
"ZG327P-60","2013/08","2016/02",31,5,26,0.838709677419355,FALSE,1,1,1,1,5
"ZG327PA-60","2013/02","2016/06",41,40,1,0.024390243902439,TRUE,32.3,29,1,86,1292
"ZG327RP-60R","2013/07","2014/08",14,2,12,0.857142857142857,FALSE,1,1,1,1,2
"ZG327RPA-60R","2013/04","2016/06",39,35,4,0.102564102564103,TRUE,4.45714285714286,4,1,10,156
"ZG327RPA-60R#","2015/05","2015/05",1,1,0,0,FALSE,1,1,1,1,1
"ZG332LP-72","2013/04","2016/06",39,36,3,0.0769230769230769,TRUE,6.61111111111111,5,1,21,238
"ZG332P-60","2013/07","2016/06",36,35,1,0.0277777777777778,TRUE,6.05714285714286,5,1,17,212
"ZG332P-60#","2015/08","2015/08",1,1,0,0,FALSE,2,2,2,2,2
"ZP330LP-72","2013/05","2015/08",28,16,12,0.428571428571429,FALSE,2.9375,1.5,1,10,47
"ZP330P-60","2013/07","2016/06",36,31,5,0.138888888888889,TRUE,3.61290322580645,3,1,9,112
"ZP330P-60#","2015/02","2016/05",16,2,14,0.875,FALSE,1.5,1.5,1,2,3
