"cd","yr_mon","clst_type","qnty_min","qnty_max","best_model","frcst_from_now"
"ZG327PA-60","2016/07","A",1,86,"rf",42.2157
"ZG327PA-60","2016/08","A",1,86,"rf",35.7967333333333
"ZG327PA-60","2016/09","A",1,86,"rf",26.1154666666667
"ZG327PA-60","2016/10","A",1,86,"rf",17.9623
"ZG327PA-60","2016/11","A",1,86,"rf",14.8609333333333
"ZG327PA-60","2016/12","A",1,86,"rf",13.8626333333333
"ZG327PA-60","2017/01","A",1,86,"rf",11.0422
"ZG327PA-60","2017/02","A",1,86,"rf",18.0358666666667
"ZG327PA-60","2017/03","A",1,86,"rf",46.2757333333333
"ZG327PA-60","2017/04","A",1,86,"rf",61.0172666666667
"ZG327PA-60","2017/05","A",1,86,"rf",57.4311666666667
"ZG327PA-60","2017/06","A",1,86,"rf",50.5627000000001
"ZG227LA-60","2016/07","A",1,66,"gbm",40.6247205280541
"ZG227LA-60","2016/08","A",1,66,"gbm",25.6408472177252
"ZG227LA-60","2016/09","A",1,66,"gbm",16.6902035514223
"ZG227LA-60","2016/10","A",1,66,"gbm",10.1300995206466
"ZG227LA-60","2016/11","A",1,66,"gbm",9.0267588228729
"ZG227LA-60","2016/12","A",1,66,"gbm",9.35645978869995
"ZG227LA-60","2017/01","A",1,66,"gbm",9.04991960132183
"ZG227LA-60","2017/02","A",1,66,"gbm",29.217427177661
"ZG227LA-60","2017/03","A",1,66,"gbm",50.8039242052812
"ZG227LA-60","2017/04","A",1,66,"gbm",51.6214284904041
"ZG227LA-60","2017/05","A",1,66,"gbm",50.9655748077332
"ZG227LA-60","2017/06","A",1,66,"gbm",43.089686814526
"ZG227A-54","2016/07","A",1,113,"rf",77.8564333333334
"ZG227A-54","2016/08","A",1,113,"rf",57.1993333333333
"ZG227A-54","2016/09","A",1,113,"rf",37.6980666666667
"ZG227A-54","2016/10","A",1,113,"rf",23.1381333333333
"ZG227A-54","2016/11","A",1,113,"rf",13.248
"ZG227A-54","2016/12","A",1,113,"rf",12.3236333333333
"ZG227A-54","2017/01","A",1,113,"rf",10.9742333333333
"ZG227A-54","2017/02","A",1,113,"rf",14.4341
"ZG227A-54","2017/03","A",1,113,"rf",63.6257
"ZG227A-54","2017/04","A",1,113,"rf",88.5990333333334
"ZG227A-54","2017/05","A",1,113,"rf",80.4227
"ZG227A-54","2017/06","A",1,113,"rf",79.9251666666667
"ZG222A-48","2016/07","A",1,120,"gbm",77.1150112808851
"ZG222A-48","2016/08","A",1,120,"gbm",51.5655060678348
"ZG222A-48","2016/09","A",1,120,"gbm",33.5486270969545
"ZG222A-48","2016/10","A",1,120,"gbm",16.9367520524637
"ZG222A-48","2016/11","A",1,120,"gbm",15.6935030820649
"ZG222A-48","2016/12","A",1,120,"gbm",15.4945684813086
"ZG222A-48","2017/01","A",1,120,"gbm",15.162871459098
"ZG222A-48","2017/02","A",1,120,"gbm",23.1998532837231
"ZG222A-48","2017/03","A",1,120,"gbm",80.8584429623794
"ZG222A-48","2017/04","A",1,120,"gbm",87.5734777663345
"ZG222A-48","2017/05","A",1,120,"gbm",87.1021623320822
"ZG222A-48","2017/06","A",1,120,"gbm",84.3070927277455
"ZD326S-60","2016/07","A",1,246,"svr",101.096703906159
"ZD326S-60","2016/08","A",1,246,"svr",87.9935790410134
"ZD326S-60","2016/09","A",1,246,"svr",74.4835314447472
"ZD326S-60","2016/10","A",1,246,"svr",52.351846826962
"ZD326S-60","2016/11","A",1,246,"svr",44.6097357022619
"ZD326S-60","2016/12","A",1,246,"svr",35.5602541595314
"ZD326S-60","2017/01","A",1,246,"svr",28.1025974665146
"ZD326S-60","2017/02","A",1,246,"svr",53.9078617297972
"ZD326S-60","2017/03","A",1,246,"svr",84.6242881451315
"ZD326S-60","2017/04","A",1,246,"svr",90.3868911157183
"ZD326S-60","2017/05","A",1,246,"svr",87.7368077575576
"ZD326S-60","2017/06","A",1,246,"svr",88.6714334114408
"ZD326P-60","2016/07","A",2,461,"svr",202.669149578743
"ZD326P-60","2016/08","A",2,461,"svr",227.414519005331
"ZD326P-60","2016/09","A",2,461,"svr",233.095270889911
"ZD326P-60","2016/10","A",2,461,"svr",208.411565687936
"ZD326P-60","2016/11","A",2,461,"svr",180.851233548871
"ZD326P-60","2016/12","A",2,461,"svr",184.066821958002
"ZD326P-60","2017/01","A",2,461,"svr",168.777779028199
"ZD326P-60","2017/02","A",2,461,"svr",153.697319992644
"ZD326P-60","2017/03","A",2,461,"svr",159.635123045523
"ZD326P-60","2017/04","A",2,461,"svr",173.257817257914
"ZD326P-60","2017/05","A",2,461,"svr",185.834821525228
"ZD326P-60","2017/06","A",2,461,"svr",202.148500813322
"ZD326HL-72","2016/07","E",5,234,"svr",95.1513791174783
"ZD326HL-72","2016/08","E",5,234,"svr",153.981718803376
"ZD326HL-72","2016/09","E",5,234,"svr",178.501909582806
"ZD326HL-72","2016/10","E",5,234,"svr",196.499946206469
"ZD326HL-72","2016/11","E",5,234,"svr",178.764771322776
"ZD326HL-72","2016/12","E",5,234,"svr",143.293925296872
"ZD326HL-72","2017/01","E",5,234,"svr",116.7519782764
"ZD326HL-72","2017/02","E",5,234,"svr",96.4258959847293
"ZD326HL-72","2017/03","E",5,234,"svr",78.8156431005876
"ZD326HL-72","2017/04","E",5,234,"svr",65.4806180918749
"ZD326HL-72","2017/05","E",5,234,"svr",52.6818430228551
"ZD326HL-72","2017/06","E",5,234,"svr",46.198296096927
"ZD323-60","2016/07","A",1,140,"rf",96.6198000000001
"ZD323-60","2016/08","A",1,140,"rf",82.5736000000001
"ZD323-60","2016/09","A",1,140,"rf",54.4153333333334
"ZD323-60","2016/10","A",1,140,"rf",39.1331666666667
"ZD323-60","2016/11","A",1,140,"rf",42.9679666666666
"ZD323-60","2016/12","A",1,140,"rf",43.5079333333332
"ZD323-60","2017/01","A",1,140,"rf",30.8469666666666
"ZD323-60","2017/02","A",1,140,"rf",33.9046333333333
"ZD323-60","2017/03","A",1,140,"rf",82.5192666666666
"ZD323-60","2017/04","A",1,140,"rf",93.3549
"ZD323-60","2017/05","A",1,140,"rf",93.3151333333333
"ZD323-60","2017/06","A",1,140,"rf",100.292633333333
"ZD221-54","2016/07","A",1,158,"svr",79.5066263675279
"ZD221-54","2016/08","A",1,158,"svr",82.8606735269439
"ZD221-54","2016/09","A",1,158,"svr",80.5704827228281
"ZD221-54","2016/10","A",1,158,"svr",69.0546079955759
"ZD221-54","2016/11","A",1,158,"svr",65.3861067858949
"ZD221-54","2016/12","A",1,158,"svr",66.9542079896252
"ZD221-54","2017/01","A",1,158,"svr",57.5546971886699
"ZD221-54","2017/02","A",1,158,"svr",50.0809695205988
"ZD221-54","2017/03","A",1,158,"svr",52.2562485330864
"ZD221-54","2017/04","A",1,158,"svr",57.9907245615245
"ZD221-54","2017/05","A",1,158,"svr",61.1802014975428
"ZD221-54","2017/06","A",1,158,"svr",69.13807939305
"Z725KH-60","2016/07","A",11,516,"rf",178.3224
"Z725KH-60","2016/08","A",11,516,"rf",124.6922
"Z725KH-60","2016/09","A",11,516,"rf",100.332466666667
"Z725KH-60","2016/10","A",11,516,"rf",77.7389666666665
"Z725KH-60","2016/11","A",11,516,"rf",61.1834666666665
"Z725KH-60","2016/12","A",11,516,"rf",66.4172999999999
"Z725KH-60","2017/01","A",11,516,"rf",100.620566666667
"Z725KH-60","2017/02","A",11,516,"rf",128.573333333333
"Z725KH-60","2017/03","A",11,516,"rf",196.426533333334
"Z725KH-60","2017/04","A",11,516,"rf",225.827366666667
"Z725KH-60","2017/05","A",11,516,"rf",199.3322
"Z725KH-60","2017/06","A",11,516,"rf",162.602766666667
"Z724KH-54","2016/07","A",7,230,"svr",117.096781128427
"Z724KH-54","2016/08","A",7,230,"svr",88.8708261315737
"Z724KH-54","2016/09","A",7,230,"svr",73.6080987084598
"Z724KH-54","2016/10","A",7,230,"svr",51.5967537019646
"Z724KH-54","2016/11","A",7,230,"svr",36.4985949742486
"Z724KH-54","2016/12","A",7,230,"svr",30.9641686753739
"Z724KH-54","2017/01","A",7,230,"svr",22.477931071117
"Z724KH-54","2017/02","A",7,230,"svr",47.3197064330764
"Z724KH-54","2017/03","A",7,230,"svr",90.4534933581432
"Z724KH-54","2017/04","A",7,230,"svr",113.740949808665
"Z724KH-54","2017/05","A",7,230,"svr",128.225797838914
"Z724KH-54","2017/06","A",7,230,"svr",134.908693150767
"Z723KH-48","2016/07","A",3,115,"svr",49.107404062023
"Z723KH-48","2016/08","A",3,115,"svr",40.0114784345052
"Z723KH-48","2016/09","A",3,115,"svr",33.3146173777126
"Z723KH-48","2016/10","A",3,115,"svr",22.8934206715513
"Z723KH-48","2016/11","A",3,115,"svr",21.0672760145357
"Z723KH-48","2016/12","A",3,115,"svr",17.2397212356733
"Z723KH-48","2017/01","A",3,115,"svr",19.0005131812595
"Z723KH-48","2017/02","A",3,115,"svr",46.5700948936859
"Z723KH-48","2017/03","A",3,115,"svr",74.1765780744605
"Z723KH-48","2017/04","A",3,115,"svr",72.6992397104826
"Z723KH-48","2017/05","A",3,115,"svr",65.2138045822477
"Z723KH-48","2017/06","A",3,115,"svr",55.6578515570073
"Z125SKH-54","2016/07","E",1,787,"gbm",523.947618168209
"Z125SKH-54","2016/08","E",1,787,"gbm",301.584281810266
"Z125SKH-54","2016/09","E",1,787,"gbm",212.397116802562
"Z125SKH-54","2016/10","E",1,787,"gbm",98.6916413253882
"Z125SKH-54","2016/11","E",1,787,"gbm",59.7442823342758
"Z125SKH-54","2016/12","E",1,787,"gbm",45.3361254142121
"Z125SKH-54","2017/01","E",1,787,"gbm",46.0418058085637
"Z125SKH-54","2017/02","E",1,787,"gbm",166.348671708382
"Z125SKH-54","2017/03","E",1,787,"gbm",564.860653110684
"Z125SKH-54","2017/04","E",1,787,"gbm",749.250934888424
"Z125SKH-54","2017/05","E",1,787,"gbm",731.958441561494
"Z125SKH-54","2017/06","E",1,787,"gbm",602.360733628841
"Z125EBR-54","2016/07","E",1,257,"gbm",159.232712372837
"Z125EBR-54","2016/08","E",1,257,"gbm",125.93856251811
"Z125EBR-54","2016/09","E",1,257,"gbm",65.6956403699822
"Z125EBR-54","2016/10","E",1,257,"gbm",21.4056287581471
"Z125EBR-54","2016/11","E",1,257,"gbm",15.3079151022379
"Z125EBR-54","2016/12","E",1,257,"gbm",15.0293971712709
"Z125EBR-54","2017/01","E",1,257,"gbm",16.7472081686956
"Z125EBR-54","2017/02","E",1,257,"gbm",54.2835947632904
"Z125EBR-54","2017/03","E",1,257,"gbm",181.733895384702
"Z125EBR-54","2017/04","E",1,257,"gbm",207.875370754461
"Z125EBR-54","2017/05","E",1,257,"gbm",185.218862251724
"Z125EBR-54","2017/06","E",1,257,"gbm",176.927653970969
"Z122EBR-48","2016/07","E",6,511,"rf",352.816266666665
"Z122EBR-48","2016/08","E",6,511,"rf",272.403833333333
"Z122EBR-48","2016/09","E",6,511,"rf",159.660833333333
"Z122EBR-48","2016/10","E",6,511,"rf",84.6541333333333
"Z122EBR-48","2016/11","E",6,511,"rf",56.8381
"Z122EBR-48","2016/12","E",6,511,"rf",53.5869
"Z122EBR-48","2017/01","E",6,511,"rf",61.5977666666666
"Z122EBR-48","2017/02","E",6,511,"rf",120.590666666667
"Z122EBR-48","2017/03","E",6,511,"rf",355.685666666667
"Z122EBR-48","2017/04","E",6,511,"rf",422.7041
"Z122EBR-48","2017/05","E",6,511,"rf",429.424866666666
"Z122EBR-48","2017/06","E",6,511,"rf",388.950533333332
"Z121SKH-48","2016/07","E",4,840,"gbm",657.162959091802
"Z121SKH-48","2016/08","E",4,840,"gbm",356.374794545791
"Z121SKH-48","2016/09","E",4,840,"gbm",214.135475409942
"Z121SKH-48","2016/10","E",4,840,"gbm",114.511595151446
"Z121SKH-48","2016/11","E",4,840,"gbm",84.6666100354985
"Z121SKH-48","2016/12","E",4,840,"gbm",83.4910359589082
"Z121SKH-48","2017/01","E",4,840,"gbm",78.3254379801634
"Z121SKH-48","2017/02","E",4,840,"gbm",207.304063387312
"Z121SKH-48","2017/03","E",4,840,"gbm",711.753880207088
"Z121SKH-48","2017/04","E",4,840,"gbm",787.038247956685
"Z121SKH-48","2017/05","E",4,840,"gbm",752.566001916656
"Z121SKH-48","2017/06","E",4,840,"gbm",661.834688277843
"U17VR1","2016/07","B",6,55,"arima",17.5230719176234
"U17VR1","2016/08","B",6,55,"arima",37.422788261913
"U17VR1","2016/09","B",6,55,"arima",40.422788261913
"U17VR1","2016/10","B",6,55,"arima",39.422788261913
"U17VR1","2016/11","B",6,55,"arima",36.422788261913
"U17VR1","2016/12","B",6,55,"arima",65.422788261913
"U17VR1","2017/01","B",6,55,"arima",39.422788261913
"U17VR1","2017/02","B",6,55,"arima",48.422788261913
"U17VR1","2017/03","B",6,55,"arima",64.422788261913
"U17VR1","2017/04","B",6,55,"arima",63.422788261913
"U17VR1","2017/05","B",6,55,"arima",68.422788261913
"U17VR1","2017/06","B",6,55,"arima",55.422788261913
"T2080A2-42","2016/07","E",3,51,"jnn",18.2553977966309
"T2080A2-42","2016/08","E",3,51,"jnn",20.7845435142517
"T2080A2-42","2016/09","E",3,51,"jnn",27.4654054641724
"T2080A2-42","2016/10","E",3,51,"jnn",28.8024616241455
"T2080A2-42","2016/11","E",3,51,"jnn",8.8366756439209
"T2080A2-42","2016/12","E",3,51,"jnn",2.84493246674538
"T2080A2-42","2017/01","E",3,51,"jnn",2.6047622859478
"T2080A2-42","2017/02","E",3,51,"jnn",8.40766024589539
"T2080A2-42","2017/03","E",3,51,"jnn",52.3563709259033
"T2080A2-42","2017/04","E",3,51,"jnn",53.485330581665
"T2080A2-42","2017/05","E",3,51,"jnn",16.696572303772
"T2080A2-42","2017/06","E",3,51,"jnn",11.5763854980469
"T1880A2-42","2016/07","E",2,49,"arima",32
"T1880A2-42","2016/08","E",2,49,"arima",21
"T1880A2-42","2016/09","E",2,49,"arima",11
"T1880A2-42","2016/10","E",2,49,"arima",11
"T1880A2-42","2016/11","E",2,49,"arima",12
"T1880A2-42","2016/12","E",2,49,"arima",4
"T1880A2-42","2017/01","E",2,49,"arima",2
"T1880A2-42","2017/02","E",2,49,"arima",3
"T1880A2-42","2017/03","E",2,49,"arima",22
"T1880A2-42","2017/04","E",2,49,"arima",40
"T1880A2-42","2017/05","E",2,49,"arima",42
"T1880A2-42","2017/06","E",2,49,"arima",36
"SVL90-2HFC","2016/07","C",1,250,"gbm",29.3797189244496
"SVL90-2HFC","2016/08","C",1,250,"gbm",42.3220812440722
"SVL90-2HFC","2016/09","C",1,250,"gbm",62.6927189297199
"SVL90-2HFC","2016/10","C",1,250,"gbm",121.32983278498
"SVL90-2HFC","2016/11","C",1,250,"gbm",105.479972300991
"SVL90-2HFC","2016/12","C",1,250,"gbm",234.25380688129
"SVL90-2HFC","2017/01","C",1,250,"gbm",117.52247518789
"SVL90-2HFC","2017/02","C",1,250,"gbm",125.065039628135
"SVL90-2HFC","2017/03","C",1,250,"gbm",119.457777173834
"SVL90-2HFC","2017/04","C",1,250,"gbm",125.017743568648
"SVL90-2HFC","2017/05","C",1,250,"gbm",108.811763479458
"SVL90-2HFC","2017/06","C",1,250,"gbm",99.0692329374974
"SVL90-2HC","2016/07","C",7,123,"gbm",45.0314464384974
"SVL90-2HC","2016/08","C",7,123,"gbm",47.2662875983997
"SVL90-2HC","2016/09","C",7,123,"gbm",47.2292054565215
"SVL90-2HC","2016/10","C",7,123,"gbm",47.4418711917609
"SVL90-2HC","2016/11","C",7,123,"gbm",46.7890074573766
"SVL90-2HC","2016/12","C",7,123,"gbm",54.2864699820037
"SVL90-2HC","2017/01","C",7,123,"gbm",47.551581042454
"SVL90-2HC","2017/02","C",7,123,"gbm",50.1464636980217
"SVL90-2HC","2017/03","C",7,123,"gbm",50.4761270553311
"SVL90-2HC","2017/04","C",7,123,"gbm",50.3747943969259
"SVL90-2HC","2017/05","C",7,123,"gbm",47.7019083647402
"SVL90-2HC","2017/06","C",7,123,"gbm",47.2551336870857
"SVL75-2W","2016/07","B",1,94,"arima",45.1739130434783
"SVL75-2W","2016/08","B",1,94,"arima",49.1739130434783
"SVL75-2W","2016/09","B",1,94,"arima",42.1739130434783
"SVL75-2W","2016/10","B",1,94,"arima",58.1739130434783
"SVL75-2W","2016/11","B",1,94,"arima",46.1739130434783
"SVL75-2W","2016/12","B",1,94,"arima",81.1739130434783
"SVL75-2W","2017/01","B",1,94,"arima",48.1739130434783
"SVL75-2W","2017/02","B",1,94,"arima",55.1739130434783
"SVL75-2W","2017/03","B",1,94,"arima",113.173913043478
"SVL75-2W","2017/04","B",1,94,"arima",81.1739130434783
"SVL75-2W","2017/05","B",1,94,"arima",67.1739130434783
"SVL75-2W","2017/06","B",1,94,"arima",104.173913043478
"SVL75-2HWC","2016/07","B",3,272,"arima",154.000000000105
"SVL75-2HWC","2016/08","B",3,272,"arima",141.000000000105
"SVL75-2HWC","2016/09","B",3,272,"arima",173.000000000105
"SVL75-2HWC","2016/10","B",3,272,"arima",173.000000000105
"SVL75-2HWC","2016/11","B",3,272,"arima",161.000000000105
"SVL75-2HWC","2016/12","B",3,272,"arima",324.000000000105
"SVL75-2HWC","2017/01","B",3,272,"arima",163.000000000105
"SVL75-2HWC","2017/02","B",3,272,"arima",153.000000000105
"SVL75-2HWC","2017/03","B",3,272,"arima",193.000000000105
"SVL75-2HWC","2017/04","B",3,272,"arima",204.000000000105
"SVL75-2HWC","2017/05","B",3,272,"arima",207.000000000105
"SVL75-2HWC","2017/06","B",3,272,"arima",214.000000000105
"RTV500R-A","2016/07","C",14,79,"rf",47.6053
"RTV500R-A","2016/08","C",14,79,"rf",37.7972666666667
"RTV500R-A","2016/09","C",14,79,"rf",49.2988333333333
"RTV500R-A","2016/10","C",14,79,"rf",48.7017
"RTV500R-A","2016/11","C",14,79,"rf",49.0244333333334
"RTV500R-A","2016/12","C",14,79,"rf",64.2449
"RTV500R-A","2017/01","C",14,79,"rf",27.3791
"RTV500R-A","2017/02","C",14,79,"rf",39.3685666666667
"RTV500R-A","2017/03","C",14,79,"rf",47.7864333333333
"RTV500R-A","2017/04","C",14,79,"rf",50.7485333333333
"RTV500R-A","2017/05","C",14,79,"rf",50.5806666666666
"RTV500R-A","2017/06","C",14,79,"rf",49.9879333333333
"RTV500-H","2016/07","B",1,132,"rf",100.100966666667
"RTV500-H","2016/08","B",1,132,"rf",105.369966666667
"RTV500-H","2016/09","B",1,132,"rf",80.3846666666667
"RTV500-H","2016/10","B",1,132,"rf",108.055
"RTV500-H","2016/11","B",1,132,"rf",76.9866333333334
"RTV500-H","2016/12","B",1,132,"rf",103.4826
"RTV500-H","2017/01","B",1,132,"rf",70.0715666666667
"RTV500-H","2017/02","B",1,132,"rf",74.9871
"RTV500-H","2017/03","B",1,132,"rf",102.8867
"RTV500-H","2017/04","B",1,132,"rf",108.1725
"RTV500-H","2017/05","B",1,132,"rf",102.558866666667
"RTV500-H","2017/06","B",1,132,"rf",106.135333333333
"RTV500-A","2016/07","B",25,124,"rf",77.3381999999999
"RTV500-A","2016/08","B",25,124,"rf",77.8495
"RTV500-A","2016/09","B",25,124,"rf",77.5565333333333
"RTV500-A","2016/10","B",25,124,"rf",79.7003333333334
"RTV500-A","2016/11","B",25,124,"rf",73.0579333333334
"RTV500-A","2016/12","B",25,124,"rf",92.2930666666667
"RTV500-A","2017/01","B",25,124,"rf",64.9339666666667
"RTV500-A","2017/02","B",25,124,"rf",76.2946
"RTV500-A","2017/03","B",25,124,"rf",79.4441666666666
"RTV500-A","2017/04","B",25,124,"rf",94.4637666666668
"RTV500-A","2017/05","B",25,124,"rf",85.4204333333333
"RTV500-A","2017/06","B",25,124,"rf",91.6874666666666
"RTV400CIR-A","2016/07","C",1,97,"rf",34.986
"RTV400CIR-A","2016/08","C",1,97,"rf",33.3014666666666
"RTV400CIR-A","2016/09","C",1,97,"rf",31.4911
"RTV400CIR-A","2016/10","C",1,97,"rf",39.4617666666667
"RTV400CIR-A","2016/11","C",1,97,"rf",26.7280333333333
"RTV400CIR-A","2016/12","C",1,97,"rf",38.0773
"RTV400CIR-A","2017/01","C",1,97,"rf",28.7914
"RTV400CIR-A","2017/02","C",1,97,"rf",29.0023
"RTV400CIR-A","2017/03","C",1,97,"rf",27.0921333333333
"RTV400CIR-A","2017/04","C",1,97,"rf",33.0901333333333
"RTV400CIR-A","2017/05","C",1,97,"rf",27.3039
"RTV400CIR-A","2017/06","C",1,97,"rf",31.1534
"RTV400CI-H","2016/07","C",1,103,"rf",62.1991333333333
"RTV400CI-H","2016/08","C",1,103,"rf",60.8628333333334
"RTV400CI-H","2016/09","C",1,103,"rf",58.4584666666667
"RTV400CI-H","2016/10","C",1,103,"rf",54.5629666666667
"RTV400CI-H","2016/11","C",1,103,"rf",52.0320999999999
"RTV400CI-H","2016/12","C",1,103,"rf",52.6991666666666
"RTV400CI-H","2017/01","C",1,103,"rf",50.6826666666666
"RTV400CI-H","2017/02","C",1,103,"rf",48.2465
"RTV400CI-H","2017/03","C",1,103,"rf",46.8342333333333
"RTV400CI-H","2017/04","C",1,103,"rf",49.7856
"RTV400CI-H","2017/05","C",1,103,"rf",52.5063
"RTV400CI-H","2017/06","C",1,103,"rf",55.4939666666667
"RTV400CI-A","2016/07","C",1,125,"enn",60.7162955999374
"RTV400CI-A","2016/08","C",1,125,"enn",47.0153774023056
"RTV400CI-A","2016/09","C",1,125,"enn",52.6967356204987
"RTV400CI-A","2016/10","C",1,125,"enn",50.8513087034225
"RTV400CI-A","2016/11","C",1,125,"enn",50.3302448987961
"RTV400CI-A","2016/12","C",1,125,"enn",54.4195795059204
"RTV400CI-A","2017/01","C",1,125,"enn",46.9076206684113
"RTV400CI-A","2017/02","C",1,125,"enn",45.7914576530457
"RTV400CI-A","2017/03","C",1,125,"enn",53.360689163208
"RTV400CI-A","2017/04","C",1,125,"enn",52.4188570976257
"RTV400CI-A","2017/05","C",1,125,"enn",50.1389368772507
"RTV400CI-A","2017/06","C",1,125,"enn",56.0154242515564
"RTV1140CPX-H","2016/07","C",1,202,"arima",-5.00000000000002
"RTV1140CPX-H","2016/08","C",1,202,"arima",-33
"RTV1140CPX-H","2016/09","C",1,202,"arima",34
"RTV1140CPX-H","2016/10","C",1,202,"arima",-28.0000000000001
"RTV1140CPX-H","2016/11","C",1,202,"arima",-88.0000000000001
"RTV1140CPX-H","2016/12","C",1,202,"arima",-91
"RTV1140CPX-H","2017/01","C",1,202,"arima",-134
"RTV1140CPX-H","2017/02","C",1,202,"arima",-108
"RTV1140CPX-H","2017/03","C",1,202,"arima",-116
"RTV1140CPX-H","2017/04","C",1,202,"arima",-145
"RTV1140CPX-H","2017/05","C",1,202,"arima",-138
"RTV1140CPX-H","2017/06","C",1,202,"arima",-156
"RTV-X900WL-H","2016/07","C",1,203,"jnn",134.560699701309
"RTV-X900WL-H","2016/08","C",1,203,"jnn",76.8316321372986
"RTV-X900WL-H","2016/09","C",1,203,"jnn",155.326181650162
"RTV-X900WL-H","2016/10","C",1,203,"jnn",158.988960266113
"RTV-X900WL-H","2016/11","C",1,203,"jnn",41.0913245677948
"RTV-X900WL-H","2016/12","C",1,203,"jnn",280.432633399963
"RTV-X900WL-H","2017/01","C",1,203,"jnn",64.5115125179291
"RTV-X900WL-H","2017/02","C",1,203,"jnn",64.6211740970612
"RTV-X900WL-H","2017/03","C",1,203,"jnn",176.401986122131
"RTV-X900WL-H","2017/04","C",1,203,"jnn",164.162053823471
"RTV-X900WL-H","2017/05","C",1,203,"jnn",80.78715467453
"RTV-X900WL-H","2017/06","C",1,203,"jnn",157.848434090614
"RTV-X900WL-A","2016/07","C",15,75,"rf",40.2008
"RTV-X900WL-A","2016/08","C",15,75,"rf",59.6785
"RTV-X900WL-A","2016/09","C",15,75,"rf",65.1250333333333
"RTV-X900WL-A","2016/10","C",15,75,"rf",46.5143666666667
"RTV-X900WL-A","2016/11","C",15,75,"rf",38.3802
"RTV-X900WL-A","2016/12","C",15,75,"rf",68.3249333333333
"RTV-X900WL-A","2017/01","C",15,75,"rf",37.1317
"RTV-X900WL-A","2017/02","C",15,75,"rf",32.8021000000001
"RTV-X900WL-A","2017/03","C",15,75,"rf",64.2670333333333
"RTV-X900WL-A","2017/04","C",15,75,"rf",42.2093666666667
"RTV-X900WL-A","2017/05","C",15,75,"rf",61.1748666666666
"RTV-X900WL-A","2017/06","C",15,75,"rf",61.9184333333333
"RTV-X900W-H","2016/07","B",1,177,"rf",100.4026
"RTV-X900W-H","2016/08","B",1,177,"rf",89.2227333333334
"RTV-X900W-H","2016/09","B",1,177,"rf",89.8200333333335
"RTV-X900W-H","2016/10","B",1,177,"rf",87.4521666666667
"RTV-X900W-H","2016/11","B",1,177,"rf",79.4142333333335
"RTV-X900W-H","2016/12","B",1,177,"rf",76.8559
"RTV-X900W-H","2017/01","B",1,177,"rf",68.8085666666667
"RTV-X900W-H","2017/02","B",1,177,"rf",69.8221666666667
"RTV-X900W-H","2017/03","B",1,177,"rf",72.9149666666666
"RTV-X900W-H","2017/04","B",1,177,"rf",77.7065666666667
"RTV-X900W-H","2017/05","B",1,177,"rf",80.737
"RTV-X900W-H","2017/06","B",1,177,"rf",90.2385
"RTV-X900W-A","2016/07","B",14,48,"rf",31.4925666666667
"RTV-X900W-A","2016/08","B",14,48,"rf",39.6012666666667
"RTV-X900W-A","2016/09","B",14,48,"rf",30.6936
"RTV-X900W-A","2016/10","B",14,48,"rf",35.0033333333334
"RTV-X900W-A","2016/11","B",14,48,"rf",38.1662666666667
"RTV-X900W-A","2016/12","B",14,48,"rf",27.1704666666667
"RTV-X900W-A","2017/01","B",14,48,"rf",33.9423333333333
"RTV-X900W-A","2017/02","B",14,48,"rf",31.7311666666667
"RTV-X900W-A","2017/03","B",14,48,"rf",33.0712666666667
"RTV-X900W-A","2017/04","B",14,48,"rf",39.2367333333333
"RTV-X900W-A","2017/05","B",14,48,"rf",31.1164
"RTV-X900W-A","2017/06","B",14,48,"rf",36.9542333333333
"RTV-X900RL-A","2016/07","C",2,72,"gbm",42.1444285714286
"RTV-X900RL-A","2016/08","C",2,72,"gbm",42.1444285714286
"RTV-X900RL-A","2016/09","C",2,72,"gbm",42.1444285714286
"RTV-X900RL-A","2016/10","C",2,72,"gbm",42.1444285714286
"RTV-X900RL-A","2016/11","C",2,72,"gbm",42.1444285714286
"RTV-X900RL-A","2016/12","C",2,72,"gbm",42.1660476190476
"RTV-X900RL-A","2017/01","C",2,72,"gbm",42.1660476190476
"RTV-X900RL-A","2017/02","C",2,72,"gbm",42.1444285714286
"RTV-X900RL-A","2017/03","C",2,72,"gbm",42.1444285714286
"RTV-X900RL-A","2017/04","C",2,72,"gbm",42.1444285714286
"RTV-X900RL-A","2017/05","C",2,72,"gbm",42.1444285714286
"RTV-X900RL-A","2017/06","C",2,72,"gbm",42.1444285714286
"RTV-X900R-A","2016/07","C",6,48,"rf",28.8377666666667
"RTV-X900R-A","2016/08","C",6,48,"rf",29.1389333333333
"RTV-X900R-A","2016/09","C",6,48,"rf",29.2089333333333
"RTV-X900R-A","2016/10","C",6,48,"rf",32.9972666666667
"RTV-X900R-A","2016/11","C",6,48,"rf",32.4918666666667
"RTV-X900R-A","2016/12","C",6,48,"rf",33.5144666666667
"RTV-X900R-A","2017/01","C",6,48,"rf",24.7441
"RTV-X900R-A","2017/02","C",6,48,"rf",25.7614666666667
"RTV-X900R-A","2017/03","C",6,48,"rf",29.3622666666667
"RTV-X900R-A","2017/04","C",6,48,"rf",26.2433333333334
"RTV-X900R-A","2017/05","C",6,48,"rf",27.4617333333334
"RTV-X900R-A","2017/06","C",6,48,"rf",24.5530333333333
"RTV-X900G-H","2016/07","B",1,271,"svr",129.529909338949
"RTV-X900G-H","2016/08","B",1,271,"svr",133.529730223215
"RTV-X900G-H","2016/09","B",1,271,"svr",135.64864238832
"RTV-X900G-H","2016/10","B",1,271,"svr",129.471961167859
"RTV-X900G-H","2016/11","B",1,271,"svr",131.557116680964
"RTV-X900G-H","2016/12","B",1,271,"svr",136.33595862963
"RTV-X900G-H","2017/01","B",1,271,"svr",134.850065436963
"RTV-X900G-H","2017/02","B",1,271,"svr",139.153549027911
"RTV-X900G-H","2017/03","B",1,271,"svr",141.606726762576
"RTV-X900G-H","2017/04","B",1,271,"svr",142.835388344287
"RTV-X900G-H","2017/05","B",1,271,"svr",142.468751746825
"RTV-X900G-H","2017/06","B",1,271,"svr",147.981059970665
"RTV-X900G-A","2016/07","C",1,82,"rf",50.7361666666666
"RTV-X900G-A","2016/08","C",1,82,"rf",53.623
"RTV-X900G-A","2016/09","C",1,82,"rf",51.3036333333333
"RTV-X900G-A","2016/10","C",1,82,"rf",54.8042000000001
"RTV-X900G-A","2016/11","C",1,82,"rf",50.4368666666666
"RTV-X900G-A","2016/12","C",1,82,"rf",56.5004333333333
"RTV-X900G-A","2017/01","C",1,82,"rf",44.3308333333334
"RTV-X900G-A","2017/02","C",1,82,"rf",49.7258
"RTV-X900G-A","2017/03","C",1,82,"rf",48.1598
"RTV-X900G-A","2017/04","C",1,82,"rf",52.0869333333334
"RTV-X900G-A","2017/05","C",1,82,"rf",46.0766666666666
"RTV-X900G-A","2017/06","C",1,82,"rf",50.6580333333333
"RTV-X1120DWL-HS","2016/07","C",1,81,"svr",51.9473396098495
"RTV-X1120DWL-HS","2016/08","C",1,81,"svr",45.8285825903426
"RTV-X1120DWL-HS","2016/09","C",1,81,"svr",47.0016159589138
"RTV-X1120DWL-HS","2016/10","C",1,81,"svr",47.76554261662
"RTV-X1120DWL-HS","2016/11","C",1,81,"svr",39.6359354599026
"RTV-X1120DWL-HS","2016/12","C",1,81,"svr",55.2388267813828
"RTV-X1120DWL-HS","2017/01","C",1,81,"svr",44.7116983795516
"RTV-X1120DWL-HS","2017/02","C",1,81,"svr",41.605744143846
"RTV-X1120DWL-HS","2017/03","C",1,81,"svr",45.206459852088
"RTV-X1120DWL-HS","2017/04","C",1,81,"svr",51.6581438162518
"RTV-X1120DWL-HS","2017/05","C",1,81,"svr",48.3283640420595
"RTV-X1120DWL-HS","2017/06","C",1,81,"svr",49.6519721965454
"RTV-X1120DWL-AS","2016/07","C",2,63,"gbm",37.5641473
"RTV-X1120DWL-AS","2016/08","C",2,63,"gbm",37.52383320625
"RTV-X1120DWL-AS","2016/09","C",2,63,"gbm",37.5641473
"RTV-X1120DWL-AS","2016/10","C",2,63,"gbm",37.5641473
"RTV-X1120DWL-AS","2016/11","C",2,63,"gbm",37.5466973
"RTV-X1120DWL-AS","2016/12","C",2,63,"gbm",37.5641473
"RTV-X1120DWL-AS","2017/01","C",2,63,"gbm",37.5466973
"RTV-X1120DWL-AS","2017/02","C",2,63,"gbm",37.5466973
"RTV-X1120DWL-AS","2017/03","C",2,63,"gbm",37.52383320625
"RTV-X1120DWL-AS","2017/04","C",2,63,"gbm",37.52383320625
"RTV-X1120DWL-AS","2017/05","C",2,63,"gbm",37.52383320625
"RTV-X1120DWL-AS","2017/06","C",2,63,"gbm",37.52383320625
"RTV-X1120DRL-AS","2016/07","C",11,67,"enn",42.40958070755
"RTV-X1120DRL-AS","2016/08","C",11,67,"enn",17.6613135933876
"RTV-X1120DRL-AS","2016/09","C",11,67,"enn",22.3460248708725
"RTV-X1120DRL-AS","2016/10","C",11,67,"enn",17.1001304388046
"RTV-X1120DRL-AS","2016/11","C",11,67,"enn",26.2545030117035
"RTV-X1120DRL-AS","2016/12","C",11,67,"enn",13.6805507540703
"RTV-X1120DRL-AS","2017/01","C",11,67,"enn",21.2340935468674
"RTV-X1120DRL-AS","2017/02","C",11,67,"enn",20.9784677028656
"RTV-X1120DRL-AS","2017/03","C",11,67,"enn",13.9562504887581
"RTV-X1120DRL-AS","2017/04","C",11,67,"enn",25.153032541275
"RTV-X1120DRL-AS","2017/05","C",11,67,"enn",13.1219715476036
"RTV-X1120DRL-AS","2017/06","C",11,67,"enn",23.3088681697845
"RTV-X1100CWL-HS","2016/07","C",10,63,"arima",28.5935025840385
"RTV-X1100CWL-HS","2016/08","C",10,63,"arima",24.3285082764524
"RTV-X1100CWL-HS","2016/09","C",10,63,"arima",24.3285082764524
"RTV-X1100CWL-HS","2016/10","C",10,63,"arima",26.887504861004
"RTV-X1100CWL-HS","2016/11","C",10,63,"arima",26.887504861004
"RTV-X1100CWL-HS","2016/12","C",10,63,"arima",37.1234911992107
"RTV-X1100CWL-HS","2017/01","C",10,63,"arima",22.6225105534179
"RTV-X1100CWL-HS","2017/02","C",10,63,"arima",23.9020088456937
"RTV-X1100CWL-HS","2017/03","C",10,63,"arima",23.4755094149351
"RTV-X1100CWL-HS","2017/04","C",10,63,"arima",24.3285082764524
"RTV-X1100CWL-HS","2017/05","C",10,63,"arima",23.9020088456937
"RTV-X1100CWL-HS","2017/06","C",10,63,"arima",23.4755094149351
"RTV-X1100CWL-H","2016/07","C",1,336,"enn",199.422176539898
"RTV-X1100CWL-H","2016/08","C",1,336,"enn",146.423630475998
"RTV-X1100CWL-H","2016/09","C",1,336,"enn",118.294875085354
"RTV-X1100CWL-H","2016/10","C",1,336,"enn",133.862709909678
"RTV-X1100CWL-H","2016/11","C",1,336,"enn",322.310263574123
"RTV-X1100CWL-H","2016/12","C",1,336,"enn",500.586653709412
"RTV-X1100CWL-H","2017/01","C",1,336,"enn",178.995386719704
"RTV-X1100CWL-H","2017/02","C",1,336,"enn",110.57830324769
"RTV-X1100CWL-H","2017/03","C",1,336,"enn",101.512144267559
"RTV-X1100CWL-H","2017/04","C",1,336,"enn",77.9672957807779
"RTV-X1100CWL-H","2017/05","C",1,336,"enn",76.246726423502
"RTV-X1100CWL-H","2017/06","C",1,336,"enn",128.790531367064
"RTV-X1100CWL-A","2016/07","C",13,119,"svr",50.2721511657568
"RTV-X1100CWL-A","2016/08","C",13,119,"svr",50.1860781923441
"RTV-X1100CWL-A","2016/09","C",13,119,"svr",46.6757521418523
"RTV-X1100CWL-A","2016/10","C",13,119,"svr",51.3217667260511
"RTV-X1100CWL-A","2016/11","C",13,119,"svr",53.9170317288982
"RTV-X1100CWL-A","2016/12","C",13,119,"svr",58.7331309335071
"RTV-X1100CWL-A","2017/01","C",13,119,"svr",57.8298005147224
"RTV-X1100CWL-A","2017/02","C",13,119,"svr",58.5354907238063
"RTV-X1100CWL-A","2017/03","C",13,119,"svr",62.5126771119515
"RTV-X1100CWL-A","2017/04","C",13,119,"svr",55.9525679169211
"RTV-X1100CWL-A","2017/05","C",13,119,"svr",47.4992716582723
"RTV-X1100CWL-A","2017/06","C",13,119,"svr",48.4742705199303
"RTV-X1100CW-H","2016/07","C",23,121,"rf",56.5496333333333
"RTV-X1100CW-H","2016/08","C",23,121,"rf",56.2392666666667
"RTV-X1100CW-H","2016/09","C",23,121,"rf",69.1231666666666
"RTV-X1100CW-H","2016/10","C",23,121,"rf",61.4693333333333
"RTV-X1100CW-H","2016/11","C",23,121,"rf",74.9508666666667
"RTV-X1100CW-H","2016/12","C",23,121,"rf",81.3496333333335
"RTV-X1100CW-H","2017/01","C",23,121,"rf",52.1492333333333
"RTV-X1100CW-H","2017/02","C",23,121,"rf",60.4899333333334
"RTV-X1100CW-H","2017/03","C",23,121,"rf",52.8789666666667
"RTV-X1100CW-H","2017/04","C",23,121,"rf",50.4702666666667
"RTV-X1100CW-H","2017/05","C",23,121,"rf",70.8752
"RTV-X1100CW-H","2017/06","C",23,121,"rf",57.2767999999999
"RTV-X1100CRL-A","2016/07","C",2,161,"enn",108.116666734219
"RTV-X1100CRL-A","2016/08","C",2,161,"enn",97.1089324355125
"RTV-X1100CRL-A","2016/09","C",2,161,"enn",103.347230434418
"RTV-X1100CRL-A","2016/10","C",2,161,"enn",116.533322930336
"RTV-X1100CRL-A","2016/11","C",2,161,"enn",134.210934638977
"RTV-X1100CRL-A","2016/12","C",2,161,"enn",135.560649752617
"RTV-X1100CRL-A","2017/01","C",2,161,"enn",69.953646749258
"RTV-X1100CRL-A","2017/02","C",2,161,"enn",60.4336004853249
"RTV-X1100CRL-A","2017/03","C",2,161,"enn",51.8986648619175
"RTV-X1100CRL-A","2017/04","C",2,161,"enn",46.4503574371338
"RTV-X1100CRL-A","2017/05","C",2,161,"enn",48.5331623852253
"RTV-X1100CRL-A","2017/06","C",2,161,"enn",68.7129139900208
"MX5200HST","2016/07","D",1,213,"rf",142.091466666667
"MX5200HST","2016/08","D",1,213,"rf",132.871
"MX5200HST","2016/09","D",1,213,"rf",130.2816
"MX5200HST","2016/10","D",1,213,"rf",137.276966666667
"MX5200HST","2016/11","D",1,213,"rf",134.732266666667
"MX5200HST","2016/12","D",1,213,"rf",139.1029
"MX5200HST","2017/01","D",1,213,"rf",122.0661
"MX5200HST","2017/02","D",1,213,"rf",122.1337
"MX5200HST","2017/03","D",1,213,"rf",124.2087
"MX5200HST","2017/04","D",1,213,"rf",129.768366666667
"MX5200HST","2017/05","D",1,213,"rf",139.4546
"MX5200HST","2017/06","D",1,213,"rf",139.698166666667
"MX5200DT","2016/07","D",2,148,"svr",111.689014560729
"MX5200DT","2016/08","D",2,148,"svr",106.718369819191
"MX5200DT","2016/09","D",2,148,"svr",113.573651918229
"MX5200DT","2016/10","D",2,148,"svr",108.154457072319
"MX5200DT","2016/11","D",2,148,"svr",93.4459707561507
"MX5200DT","2016/12","D",2,148,"svr",108.403305998942
"MX5200DT","2017/01","D",2,148,"svr",88.9415467963587
"MX5200DT","2017/02","D",2,148,"svr",85.0935907572584
"MX5200DT","2017/03","D",2,148,"svr",93.6907143037622
"MX5200DT","2017/04","D",2,148,"svr",89.8336960400426
"MX5200DT","2017/05","D",2,148,"svr",93.4345106094706
"MX5200DT","2017/06","D",2,148,"svr",95.8829911996871
"MX4800HST","2016/07","D",5,66,"gbm",38.9190157718384
"MX4800HST","2016/08","D",5,66,"gbm",44.2019583518737
"MX4800HST","2016/09","D",5,66,"gbm",40.7666734382434
"MX4800HST","2016/10","D",5,66,"gbm",43.1852963198252
"MX4800HST","2016/11","D",5,66,"gbm",35.8480975692584
"MX4800HST","2016/12","D",5,66,"gbm",38.8106123011526
"MX4800HST","2017/01","D",5,66,"gbm",35.9875421083209
"MX4800HST","2017/02","D",5,66,"gbm",39.2672414854184
"MX4800HST","2017/03","D",5,66,"gbm",40.2357435840002
"MX4800HST","2017/04","D",5,66,"gbm",43.2314470962545
"MX4800HST","2017/05","D",5,66,"gbm",41.8723032709142
"MX4800HST","2017/06","D",5,66,"gbm",42.2191053719179
"MX4800DT","2016/07","D",5,43,"svr",26.8365144975433
"MX4800DT","2016/08","D",5,43,"svr",26.8448131727158
"MX4800DT","2016/09","D",5,43,"svr",26.4813565307561
"MX4800DT","2016/10","D",5,43,"svr",27.1823901691119
"MX4800DT","2016/11","D",5,43,"svr",27.1181914382697
"MX4800DT","2016/12","D",5,43,"svr",26.8634266107183
"MX4800DT","2017/01","D",5,43,"svr",25.9663255686161
"MX4800DT","2017/02","D",5,43,"svr",25.525932985903
"MX4800DT","2017/03","D",5,43,"svr",25.3853506621087
"MX4800DT","2017/04","D",5,43,"svr",25.1569018461343
"MX4800DT","2017/05","D",5,43,"svr",24.9874857653001
"MX4800DT","2017/06","D",5,43,"svr",24.780640659571
"M7060HDC12","2016/07","B",6,118,"arima",87.1645768672456
"M7060HDC12","2016/08","B",6,118,"arima",74.0589002795525
"M7060HDC12","2016/09","B",6,118,"arima",86.8498545209554
"M7060HDC12","2016/10","B",6,118,"arima",72.9446702914406
"M7060HDC12","2016/11","B",6,118,"arima",76.2913539583652
"M7060HDC12","2016/12","B",6,118,"arima",111.072907398841
"M7060HDC12","2017/01","B",6,118,"arima",74.8554057456565
"M7060HDC12","2017/02","B",6,118,"arima",72.1892176477801
"M7060HDC12","2017/03","B",6,118,"arima",91.9333138261501
"M7060HDC12","2017/04","B",6,118,"arima",91.754878353659
"M7060HDC12","2017/05","B",6,118,"arima",95.9702242997141
"M7060HDC12","2017/06","B",6,118,"arima",112.792657710936
"M7060HDC","2016/07","B",2,156,"enn",157.897488355637
"M7060HDC","2016/08","B",2,156,"enn",129.858054041862
"M7060HDC","2016/09","B",2,156,"enn",94.1614476442337
"M7060HDC","2016/10","B",2,156,"enn",47.305891752243
"M7060HDC","2016/11","B",2,156,"enn",41.9288899302483
"M7060HDC","2016/12","B",2,156,"enn",80.69593334198
"M7060HDC","2017/01","B",2,156,"enn",43.3692216277122
"M7060HDC","2017/02","B",2,156,"enn",82.9925663471222
"M7060HDC","2017/03","B",2,156,"enn",120.552110910416
"M7060HDC","2017/04","B",2,156,"enn",158.12970161438
"M7060HDC","2017/05","B",2,156,"enn",151.984045267105
"M7060HDC","2017/06","B",2,156,"enn",198.959636449814
"M7060HD12","2016/07","B",1,52,"enn",37.0270858407021
"M7060HD12","2016/08","B",1,52,"enn",30.9275862574577
"M7060HD12","2016/09","B",1,52,"enn",17.0733290314674
"M7060HD12","2016/10","B",1,52,"enn",54.7895002365112
"M7060HD12","2016/11","B",1,52,"enn",19.5961170196533
"M7060HD12","2016/12","B",1,52,"enn",62.1046305894852
"M7060HD12","2017/01","B",1,52,"enn",59.9355367422104
"M7060HD12","2017/02","B",1,52,"enn",41.1790014505386
"M7060HD12","2017/03","B",1,52,"enn",56.2069457769394
"M7060HD12","2017/04","B",1,52,"enn",91.4605177640915
"M7060HD12","2017/05","B",1,52,"enn",60.0440710783005
"M7060HD12","2017/06","B",1,52,"enn",100.445333242416
"M7060HD","2016/07","B",4,149,"arima",115.916666666674
"M7060HD","2016/08","B",4,149,"arima",99.9166666666742
"M7060HD","2016/09","B",4,149,"arima",99.9166666666742
"M7060HD","2016/10","B",4,149,"arima",92.9166666666742
"M7060HD","2016/11","B",4,149,"arima",93.9166666666742
"M7060HD","2016/12","B",4,149,"arima",141.916666666674
"M7060HD","2017/01","B",4,149,"arima",70.9166666666742
"M7060HD","2017/02","B",4,149,"arima",74.9166666666742
"M7060HD","2017/03","B",4,149,"arima",146.916666666674
"M7060HD","2017/04","B",4,149,"arima",115.916666666674
"M7060HD","2017/05","B",4,149,"arima",138.916666666674
"M7060HD","2017/06","B",4,149,"arima",179.916666666674
"M6060HDC","2016/07","B",2,84,"enn",77.3352262973785
"M6060HDC","2016/08","B",2,84,"enn",49.3485912084579
"M6060HDC","2016/09","B",2,84,"enn",88.0234174728394
"M6060HDC","2016/10","B",2,84,"enn",43.6581567525864
"M6060HDC","2016/11","B",2,84,"enn",31.530367732048
"M6060HDC","2016/12","B",2,84,"enn",78.1843066215515
"M6060HDC","2017/01","B",2,84,"enn",25.8447402119637
"M6060HDC","2017/02","B",2,84,"enn",23.3061942458153
"M6060HDC","2017/03","B",2,84,"enn",37.2796242237091
"M6060HDC","2017/04","B",2,84,"enn",43.8213775157928
"M6060HDC","2017/05","B",2,84,"enn",31.5259078145027
"M6060HDC","2017/06","B",2,84,"enn",113.945034980774
"M6060HD","2016/07","B",4,82,"enn",61.1963005065918
"M6060HD","2016/08","B",4,82,"enn",39.7076980471611
"M6060HD","2016/09","B",4,82,"enn",52.4146791696548
"M6060HD","2016/10","B",4,82,"enn",53.7834204435349
"M6060HD","2016/11","B",4,82,"enn",37.5583461523056
"M6060HD","2016/12","B",4,82,"enn",68.2135926485062
"M6060HD","2017/01","B",4,82,"enn",23.2708276808262
"M6060HD","2017/02","B",4,82,"enn",17.3550487756729
"M6060HD","2017/03","B",4,82,"enn",63.7380765676498
"M6060HD","2017/04","B",4,82,"enn",68.5889241695404
"M6060HD","2017/05","B",4,82,"enn",71.3374577760696
"M6060HD","2017/06","B",4,82,"enn",75.9401005506516
"M135GXDTC-F","2016/07","C",1,163,"svr",35.5401513956149
"M135GXDTC-F","2016/08","C",1,163,"svr",30.4195137143713
"M135GXDTC-F","2016/09","C",1,163,"svr",35.4594381345038
"M135GXDTC-F","2016/10","C",1,163,"svr",32.6564536945041
"M135GXDTC-F","2016/11","C",1,163,"svr",33.3652918966411
"M135GXDTC-F","2016/12","C",1,163,"svr",37.9100378426042
"M135GXDTC-F","2017/01","C",1,163,"svr",29.6085981229443
"M135GXDTC-F","2017/02","C",1,163,"svr",26.8931032447221
"M135GXDTC-F","2017/03","C",1,163,"svr",28.6554437192661
"M135GXDTC-F","2017/04","C",1,163,"svr",27.0831834245724
"M135GXDTC-F","2017/05","C",1,163,"svr",25.6881323343481
"M135GXDTC-F","2017/06","C",1,163,"svr",27.6319865362636
"L6060HSTC","2016/07","B",15,131,"arima",84.6248808284133
"L6060HSTC","2016/08","B",15,131,"arima",62.3999662611191
"L6060HSTC","2016/09","B",15,131,"arima",65.697580675743
"L6060HSTC","2016/10","B",15,131,"arima",78.2174912068858
"L6060HSTC","2016/11","B",15,131,"arima",45.8671236179939
"L6060HSTC","2016/12","B",15,131,"arima",142.590757494115
"L6060HSTC","2017/01","B",15,131,"arima",44.2029771660195
"L6060HSTC","2017/02","B",15,131,"arima",48.4107805702272
"L6060HSTC","2017/03","B",15,131,"arima",62.2994230523965
"L6060HSTC","2017/04","B",15,131,"arima",79.3590972277291
"L6060HSTC","2017/05","B",15,131,"arima",83.3271190795897
"L6060HSTC","2017/06","B",15,131,"arima",107.34425550339
"L4701HST","2016/07","D",1,215,"rf",154.0682
"L4701HST","2016/08","D",1,215,"rf",152.9518
"L4701HST","2016/09","D",1,215,"rf",154.8787
"L4701HST","2016/10","D",1,215,"rf",158.672066666667
"L4701HST","2016/11","D",1,215,"rf",147.2939
"L4701HST","2016/12","D",1,215,"rf",142.099733333333
"L4701HST","2017/01","D",1,215,"rf",147.3739
"L4701HST","2017/02","D",1,215,"rf",158.599966666667
"L4701HST","2017/03","D",1,215,"rf",168.454466666667
"L4701HST","2017/04","D",1,215,"rf",170.222166666667
"L4701HST","2017/05","D",1,215,"rf",170.780266666667
"L4701HST","2017/06","D",1,215,"rf",165.346466666667
"L4701DT","2016/07","D",2,149,"gbm",98.9416774590126
"L4701DT","2016/08","D",2,149,"gbm",98.4943631984497
"L4701DT","2016/09","D",2,149,"gbm",98.2300594787611
"L4701DT","2016/10","D",2,149,"gbm",93.8163139438937
"L4701DT","2016/11","D",2,149,"gbm",95.0737465326686
"L4701DT","2016/12","D",2,149,"gbm",93.4301715092446
"L4701DT","2017/01","D",2,149,"gbm",86.52977596822
"L4701DT","2017/02","D",2,149,"gbm",95.9055264654144
"L4701DT","2017/03","D",2,149,"gbm",96.2498810589589
"L4701DT","2017/04","D",2,149,"gbm",95.6446405312283
"L4701DT","2017/05","D",2,149,"gbm",99.845657741429
"L4701DT","2017/06","D",2,149,"gbm",96.1467053951118
"L4060HSTC","2016/07","B",9,71,"gbm",43.6079161250405
"L4060HSTC","2016/08","B",9,71,"gbm",44.680322736906
"L4060HSTC","2016/09","B",9,71,"gbm",43.2491744477936
"L4060HSTC","2016/10","B",9,71,"gbm",42.8758166534017
"L4060HSTC","2016/11","B",9,71,"gbm",36.7630345775173
"L4060HSTC","2016/12","B",9,71,"gbm",45.8690165965009
"L4060HSTC","2017/01","B",9,71,"gbm",37.2744919179203
"L4060HSTC","2017/02","B",9,71,"gbm",37.2772426785187
"L4060HSTC","2017/03","B",9,71,"gbm",47.9329741538552
"L4060HSTC","2017/04","B",9,71,"gbm",36.8429444831408
"L4060HSTC","2017/05","B",9,71,"gbm",44.9263920471815
"L4060HSTC","2017/06","B",9,71,"gbm",48.5321480080332
"L3901HST","2016/07","D",13,604,"gbm",369.465484089104
"L3901HST","2016/08","D",13,604,"gbm",383.991351140102
"L3901HST","2016/09","D",13,604,"gbm",386.842559400372
"L3901HST","2016/10","D",13,604,"gbm",374.423915341518
"L3901HST","2016/11","D",13,604,"gbm",379.103751683467
"L3901HST","2016/12","D",13,604,"gbm",381.107165690276
"L3901HST","2017/01","D",13,604,"gbm",360.06777161403
"L3901HST","2017/02","D",13,604,"gbm",385.137701117914
"L3901HST","2017/03","D",13,604,"gbm",384.84698182033
"L3901HST","2017/04","D",13,604,"gbm",382.597837781409
"L3901HST","2017/05","D",13,604,"gbm",387.599224163989
"L3901HST","2017/06","D",13,604,"gbm",385.072173644349
"L3901DT","2016/07","D",3,255,"gbm",178.239293696412
"L3901DT","2016/08","D",3,255,"gbm",173.325801295541
"L3901DT","2016/09","D",3,255,"gbm",167.91203856376
"L3901DT","2016/10","D",3,255,"gbm",161.674390900885
"L3901DT","2016/11","D",3,255,"gbm",163.043717323949
"L3901DT","2016/12","D",3,255,"gbm",164.38719051911
"L3901DT","2017/01","D",3,255,"gbm",172.881290605774
"L3901DT","2017/02","D",3,255,"gbm",171.012428086668
"L3901DT","2017/03","D",3,255,"gbm",172.865001643128
"L3901DT","2017/04","D",3,255,"gbm",174.631377796821
"L3901DT","2017/05","D",3,255,"gbm",173.254275054221
"L3901DT","2017/06","D",3,255,"gbm",171.808382829933
"L3560HSTC","2016/07","B",1,59,"svr",33.6833593087949
"L3560HSTC","2016/08","B",1,59,"svr",37.3148905034594
"L3560HSTC","2016/09","B",1,59,"svr",32.0647858590516
"L3560HSTC","2016/10","B",1,59,"svr",33.0500626299182
"L3560HSTC","2016/11","B",1,59,"svr",32.4832828107302
"L3560HSTC","2016/12","B",1,59,"svr",41.0424163599164
"L3560HSTC","2017/01","B",1,59,"svr",27.7762125768488
"L3560HSTC","2017/02","B",1,59,"svr",24.6463682904663
"L3560HSTC","2017/03","B",1,59,"svr",25.2408159450541
"L3560HSTC","2017/04","B",1,59,"svr",31.0033928163821
"L3560HSTC","2017/05","B",1,59,"svr",30.8418456569453
"L3560HSTC","2017/06","B",1,59,"svr",33.5963987181052
"L3560HST","2016/07","B",7,47,"svr",27.3543918196768
"L3560HST","2016/08","B",7,47,"svr",24.2655826631905
"L3560HST","2016/09","B",7,47,"svr",25.9790843204782
"L3560HST","2016/10","B",7,47,"svr",24.2780419590233
"L3560HST","2016/11","B",7,47,"svr",20.3334720955165
"L3560HST","2016/12","B",7,47,"svr",23.1010090933161
"L3560HST","2017/01","B",7,47,"svr",18.1661498829303
"L3560HST","2017/02","B",7,47,"svr",19.8342244238464
"L3560HST","2017/03","B",7,47,"svr",25.6283628147658
"L3560HST","2017/04","B",7,47,"svr",27.2506037285959
"L3560HST","2017/05","B",7,47,"svr",27.6576782996088
"L3560HST","2017/06","B",7,47,"svr",29.0074970979417
"L3301HST","2016/07","D",7,424,"arima",396.999999999932
"L3301HST","2016/08","D",7,424,"arima",259.999999999932
"L3301HST","2016/09","D",7,424,"arima",312.999999999932
"L3301HST","2016/10","D",7,424,"arima",280.999999999932
"L3301HST","2016/11","D",7,424,"arima",204.999999999932
"L3301HST","2016/12","D",7,424,"arima",289.999999999932
"L3301HST","2017/01","D",7,424,"arima",130.999999999932
"L3301HST","2017/02","D",7,424,"arima",206.999999999932
"L3301HST","2017/03","D",7,424,"arima",348.999999999932
"L3301HST","2017/04","D",7,424,"arima",426.999999999863
"L3301HST","2017/05","D",7,424,"arima",443.999999999863
"L3301HST","2017/06","D",7,424,"arima",450.999999999863
"L3301DT","2016/07","D",4,170,"gbm",138.535162374479
"L3301DT","2016/08","D",4,170,"gbm",132.575067743741
"L3301DT","2016/09","D",4,170,"gbm",130.131174717958
"L3301DT","2016/10","D",4,170,"gbm",117.077399107024
"L3301DT","2016/11","D",4,170,"gbm",112.903800120984
"L3301DT","2016/12","D",4,170,"gbm",118.535649131122
"L3301DT","2017/01","D",4,170,"gbm",117.402429124221
"L3301DT","2017/02","D",4,170,"gbm",115.71986249123
"L3301DT","2017/03","D",4,170,"gbm",130.818927942646
"L3301DT","2017/04","D",4,170,"gbm",132.70817590272
"L3301DT","2017/05","D",4,170,"gbm",133.998239826585
"L3301DT","2017/06","D",4,170,"gbm",133.12354763338
"KX91R1AS2","2016/07","B",4,55,"gbm",24.45232075
"KX91R1AS2","2016/08","B",4,55,"gbm",24.4478198
"KX91R1AS2","2016/09","B",4,55,"gbm",24.47392075
"KX91R1AS2","2016/10","B",4,55,"gbm",24.4478198
"KX91R1AS2","2016/11","B",4,55,"gbm",24.4653151125
"KX91R1AS2","2016/12","B",4,55,"gbm",24.4653151125
"KX91R1AS2","2017/01","B",4,55,"gbm",24.4653151125
"KX91R1AS2","2017/02","B",4,55,"gbm",24.4478198
"KX91R1AS2","2017/03","B",4,55,"gbm",24.4653151125
"KX91R1AS2","2017/04","B",4,55,"gbm",24.4653151125
"KX91R1AS2","2017/05","B",4,55,"gbm",24.4653151125
"KX91R1AS2","2017/06","B",4,55,"gbm",24.4653151125
"KX71-3S4R1","2016/07","B",7,81,"rf",49.2265666666667
"KX71-3S4R1","2016/08","B",7,81,"rf",50.4112
"KX71-3S4R1","2016/09","B",7,81,"rf",48.7309333333334
"KX71-3S4R1","2016/10","B",7,81,"rf",47.6648333333334
"KX71-3S4R1","2016/11","B",7,81,"rf",46.7997333333333
"KX71-3S4R1","2016/12","B",7,81,"rf",52.5338333333334
"KX71-3S4R1","2017/01","B",7,81,"rf",45.0381333333333
"KX71-3S4R1","2017/02","B",7,81,"rf",52.2240666666667
"KX71-3S4R1","2017/03","B",7,81,"rf",54.8197
"KX71-3S4R1","2017/04","B",7,81,"rf",55.7032
"KX71-3S4R1","2017/05","B",7,81,"rf",52.6450333333333
"KX71-3S4R1","2017/06","B",7,81,"rf",54.3051333333333
"KX080-4R3A","2016/07","B",3,49,"rf",28.469
"KX080-4R3A","2016/08","B",3,49,"rf",28.0198333333334
"KX080-4R3A","2016/09","B",3,49,"rf",34.7793
"KX080-4R3A","2016/10","B",3,49,"rf",26.3586
"KX080-4R3A","2016/11","B",3,49,"rf",34.0067
"KX080-4R3A","2016/12","B",3,49,"rf",34.3924
"KX080-4R3A","2017/01","B",3,49,"rf",25.7445333333334
"KX080-4R3A","2017/02","B",3,49,"rf",28.1957
"KX080-4R3A","2017/03","B",3,49,"rf",33.8719666666667
"KX080-4R3A","2017/04","B",3,49,"rf",31.6652333333334
"KX080-4R3A","2017/05","B",3,49,"rf",34.1499666666667
"KX080-4R3A","2017/06","B",3,49,"rf",33.5036666666667
"KX040-4R1A","2016/07","B",3,60,"rf",30.4818
"KX040-4R1A","2016/08","B",3,60,"rf",34.0355666666667
"KX040-4R1A","2016/09","B",3,60,"rf",34.6358666666667
"KX040-4R1A","2016/10","B",3,60,"rf",29.5414333333334
"KX040-4R1A","2016/11","B",3,60,"rf",32.7870333333334
"KX040-4R1A","2016/12","B",3,60,"rf",42.1482
"KX040-4R1A","2017/01","B",3,60,"rf",31.1682333333334
"KX040-4R1A","2017/02","B",3,60,"rf",33.012
"KX040-4R1A","2017/03","B",3,60,"rf",38.7767666666667
"KX040-4R1A","2017/04","B",3,60,"rf",32.2845333333334
"KX040-4R1A","2017/05","B",3,60,"rf",33.2294333333334
"KX040-4R1A","2017/06","B",3,60,"rf",41.5488333333333
"KX018-4R1","2016/07","B",4,61,"rf",25.7911333333334
"KX018-4R1","2016/08","B",4,61,"rf",28.7072333333334
"KX018-4R1","2016/09","B",4,61,"rf",29.9151333333334
"KX018-4R1","2016/10","B",4,61,"rf",23.5422666666667
"KX018-4R1","2016/11","B",4,61,"rf",25.5599666666667
"KX018-4R1","2016/12","B",4,61,"rf",32.5460666666667
"KX018-4R1","2017/01","B",4,61,"rf",25.0053000000001
"KX018-4R1","2017/02","B",4,61,"rf",27.9921000000001
"KX018-4R1","2017/03","B",4,61,"rf",27.1246666666667
"KX018-4R1","2017/04","B",4,61,"rf",25.8545333333334
"KX018-4R1","2017/05","B",4,61,"rf",29.8266666666667
"KX018-4R1","2017/06","B",4,61,"rf",28.3004
"K008T4","2016/07","B",2,66,"rf",25.4307333333333
"K008T4","2016/08","B",2,66,"rf",23.5204333333333
"K008T4","2016/09","B",2,66,"rf",27.2867333333333
"K008T4","2016/10","B",2,66,"rf",23.1746666666667
"K008T4","2016/11","B",2,66,"rf",21.8437
"K008T4","2016/12","B",2,66,"rf",32.1428666666667
"K008T4","2017/01","B",2,66,"rf",24.2511333333333
"K008T4","2017/02","B",2,66,"rf",23.2235666666667
"K008T4","2017/03","B",2,66,"rf",29.4894666666667
"K008T4","2017/04","B",2,66,"rf",25.8550333333333
"K008T4","2017/05","B",2,66,"rf",24.5786666666667
"K008T4","2017/06","B",2,66,"rf",31.2667
"GR2120-2-54","2016/07","E",6,108,"enn",89.0443553924561
"GR2120-2-54","2016/08","E",6,108,"enn",54.4507107138634
"GR2120-2-54","2016/09","E",6,108,"enn",43.7061397433281
"GR2120-2-54","2016/10","E",6,108,"enn",26.4354250431061
"GR2120-2-54","2016/11","E",6,108,"enn",19.3056335449219
"GR2120-2-54","2016/12","E",6,108,"enn",17.5925304293633
"GR2120-2-54","2017/01","E",6,108,"enn",12.7922799289227
"GR2120-2-54","2017/02","E",6,108,"enn",15.0547834038734
"GR2120-2-54","2017/03","E",6,108,"enn",57.8719042539597
"GR2120-2-54","2017/04","E",6,108,"enn",109.102524518967
"GR2120-2-54","2017/05","E",6,108,"enn",100.324569940567
"GR2120-2-54","2017/06","E",6,108,"enn",97.9760284423828
"F3990","2016/07","B",1,62,"enn",33.2723767757416
"F3990","2016/08","B",1,62,"enn",24.693526417017
"F3990","2016/09","B",1,62,"enn",25.6430537104607
"F3990","2016/10","B",1,62,"enn",24.1116705536842
"F3990","2016/11","B",1,62,"enn",24.0732356309891
"F3990","2016/12","B",1,62,"enn",23.8407972455025
"F3990","2017/01","B",1,62,"enn",23.8352161645889
"F3990","2017/02","B",1,62,"enn",26.5383172631264
"F3990","2017/03","B",1,62,"enn",34.8695294260979
"F3990","2017/04","B",1,62,"enn",66.5157889127731
"F3990","2017/05","B",1,62,"enn",40.59042096138
"F3990","2017/06","B",1,62,"enn",26.6279981434345
"BX2670TV60-1","2016/07","E",3,57,"svr",42.2865897254308
"BX2670TV60-1","2016/08","E",3,57,"svr",44.4184694446941
"BX2670TV60-1","2016/09","E",3,57,"svr",41.26893589457
"BX2670TV60-1","2016/10","E",3,57,"svr",39.2669535071436
"BX2670TV60-1","2016/11","E",3,57,"svr",34.0970330413379
"BX2670TV60-1","2016/12","E",3,57,"svr",33.0189080116189
"BX2670TV60-1","2017/01","E",3,57,"svr",30.8662872093502
"BX2670TV60-1","2017/02","E",3,57,"svr",29.0434284340259
"BX2670TV60-1","2017/03","E",3,57,"svr",27.5973982865228
"BX2670TV60-1","2017/04","E",3,57,"svr",27.3995362446423
"BX2670TV60-1","2017/05","E",3,57,"svr",28.7919648085121
"BX2670TV60-1","2017/06","E",3,57,"svr",31.5129325157456
"BX2670RV60-1","2016/07","E",6,176,"arima",63.7766364508314
"BX2670RV60-1","2016/08","E",6,176,"arima",52.6485929982353
"BX2670RV60-1","2016/09","E",6,176,"arima",48.6219236456807
"BX2670RV60-1","2016/10","E",6,176,"arima",49.6467943898053
"BX2670RV60-1","2016/11","E",6,176,"arima",52.8631008997963
"BX2670RV60-1","2016/12","E",6,176,"arima",56.0309628288144
"BX2670RV60-1","2017/01","E",6,176,"arima",58.0323377668752
"BX2670RV60-1","2017/02","E",6,176,"arima",58.720921931187
"BX2670RV60-1","2017/03","E",6,176,"arima",58.4957721117538
"BX2670RV60-1","2017/04","E",6,176,"arima",57.8885660416357
"BX2670RV60-1","2017/05","E",6,176,"arima",57.3065581637469
"BX2670RV60-1","2017/06","E",6,176,"arima",56.9471224953895
"BX2670RV-1","2016/07","E",3,98,"rf",57.9948666666666
"BX2670RV-1","2016/08","E",3,98,"rf",49.9809666666667
"BX2670RV-1","2016/09","E",3,98,"rf",47.0026333333333
"BX2670RV-1","2016/10","E",3,98,"rf",40.0683
"BX2670RV-1","2016/11","E",3,98,"rf",37.7449
"BX2670RV-1","2016/12","E",3,98,"rf",35.8618666666667
"BX2670RV-1","2017/01","E",3,98,"rf",35.742
"BX2670RV-1","2017/02","E",3,98,"rf",36.2905
"BX2670RV-1","2017/03","E",3,98,"rf",41.7807
"BX2670RV-1","2017/04","E",3,98,"rf",49.3598333333333
"BX2670RV-1","2017/05","E",3,98,"rf",50.3215333333333
"BX2670RV-1","2017/06","E",3,98,"rf",49.7103
"BX25DLB-T-1","2016/07","E",1,58,"arima",36.1046442358897
"BX25DLB-T-1","2016/08","E",1,58,"arima",18.7715843311069
"BX25DLB-T-1","2016/09","E",1,58,"arima",29.3582128912459
"BX25DLB-T-1","2016/10","E",1,58,"arima",23.9723372852917
"BX25DLB-T-1","2016/11","E",1,58,"arima",17.4273678385182
"BX25DLB-T-1","2016/12","E",1,58,"arima",22.6049985345513
"BX25DLB-T-1","2017/01","E",1,58,"arima",9.17011915205895
"BX25DLB-T-1","2017/02","E",1,58,"arima",11.2972700061141
"BX25DLB-T-1","2017/03","E",1,58,"arima",20.5884312051987
"BX25DLB-T-1","2017/04","E",1,58,"arima",27.505296568553
"BX25DLB-T-1","2017/05","E",1,58,"arima",31.3674950483073
"BX25DLB-T-1","2017/06","E",1,58,"arima",32.1337312485603
"BX25DLB-R-1","2016/07","E",7,681,"gbm",505.911722412284
"BX25DLB-R-1","2016/08","E",7,681,"gbm",393.899849797479
"BX25DLB-R-1","2016/09","E",7,681,"gbm",385.761152670298
"BX25DLB-R-1","2016/10","E",7,681,"gbm",380.948546022123
"BX25DLB-R-1","2016/11","E",7,681,"gbm",305.10352592709
"BX25DLB-R-1","2016/12","E",7,681,"gbm",298.293657785055
"BX25DLB-R-1","2017/01","E",7,681,"gbm",264.863730096276
"BX25DLB-R-1","2017/02","E",7,681,"gbm",349.317051489811
"BX25DLB-R-1","2017/03","E",7,681,"gbm",516.582237083327
"BX25DLB-R-1","2017/04","E",7,681,"gbm",578.588840013414
"BX25DLB-R-1","2017/05","E",7,681,"gbm",646.7147379461
"BX25DLB-R-1","2017/06","E",7,681,"gbm",542.338891742732
"BX2370V-1","2016/07","E",1,154,"gbm",93.795484951769
"BX2370V-1","2016/08","E",1,154,"gbm",70.4053795783546
"BX2370V-1","2016/09","E",1,154,"gbm",61.5067247013701
"BX2370V-1","2016/10","E",1,154,"gbm",60.329074317156
"BX2370V-1","2016/11","E",1,154,"gbm",43.0294769298069
"BX2370V-1","2016/12","E",1,154,"gbm",50.759315013777
"BX2370V-1","2017/01","E",1,154,"gbm",45.2051398029878
"BX2370V-1","2017/02","E",1,154,"gbm",44.0422167281179
"BX2370V-1","2017/03","E",1,154,"gbm",58.1941749287332
"BX2370V-1","2017/04","E",1,154,"gbm",65.4058714200936
"BX2370V-1","2017/05","E",1,154,"gbm",63.3881256993199
"BX2370V-1","2017/06","E",1,154,"gbm",67.5699899420042
"BX2370TV60-1","2016/07","E",3,157,"svr",92.3408204917477
"BX2370TV60-1","2016/08","E",3,157,"svr",83.3522570983288
"BX2370TV60-1","2016/09","E",3,157,"svr",74.0549423783037
"BX2370TV60-1","2016/10","E",3,157,"svr",65.1867963634181
"BX2370TV60-1","2016/11","E",3,157,"svr",53.1301871646636
"BX2370TV60-1","2016/12","E",3,157,"svr",43.5940090778546
"BX2370TV60-1","2017/01","E",3,157,"svr",39.5085199612358
"BX2370TV60-1","2017/02","E",3,157,"svr",47.9245524572129
"BX2370TV60-1","2017/03","E",3,157,"svr",64.8096086882634
"BX2370TV60-1","2017/04","E",3,157,"svr",81.2431816610267
"BX2370TV60-1","2017/05","E",3,157,"svr",95.0887204154488
"BX2370TV60-1","2017/06","E",3,157,"svr",103.583280252986
"BX2370RV60-1","2016/07","E",4,263,"rf",142.3738
"BX2370RV60-1","2016/08","E",4,263,"rf",105.190533333333
"BX2370RV60-1","2016/09","E",4,263,"rf",93.1300333333332
"BX2370RV60-1","2016/10","E",4,263,"rf",70.3079666666667
"BX2370RV60-1","2016/11","E",4,263,"rf",53.4134666666667
"BX2370RV60-1","2016/12","E",4,263,"rf",48.1935000000001
"BX2370RV60-1","2017/01","E",4,263,"rf",67.1330333333334
"BX2370RV60-1","2017/02","E",4,263,"rf",87.4175666666667
"BX2370RV60-1","2017/03","E",4,263,"rf",123.5629
"BX2370RV60-1","2017/04","E",4,263,"rf",160.813366666667
"BX2370RV60-1","2017/05","E",4,263,"rf",160.296766666667
"BX2370RV60-1","2017/06","E",4,263,"rf",145.2143
"BX2370RV-1","2016/07","E",1,188,"rf",120.7719
"BX2370RV-1","2016/08","E",1,188,"rf",89.801
"BX2370RV-1","2016/09","E",1,188,"rf",77.3131666666667
"BX2370RV-1","2016/10","E",1,188,"rf",67.0727
"BX2370RV-1","2016/11","E",1,188,"rf",64.5336333333333
"BX2370RV-1","2016/12","E",1,188,"rf",69.4823666666667
"BX2370RV-1","2017/01","E",1,188,"rf",68.9676333333333
"BX2370RV-1","2017/02","E",1,188,"rf",72.3085999999999
"BX2370RV-1","2017/03","E",1,188,"rf",77.4999666666666
"BX2370RV-1","2017/04","E",1,188,"rf",85.7459666666666
"BX2370RV-1","2017/05","E",1,188,"rf",89.4602999999999
"BX2370RV-1","2017/06","E",1,188,"rf",87.8353666666666
"BX1870V-1","2016/07","E",6,125,"rf",82.1862333333333
"BX1870V-1","2016/08","E",6,125,"rf",67.5800999999999
"BX1870V-1","2016/09","E",6,125,"rf",57.7110333333333
"BX1870V-1","2016/10","E",6,125,"rf",48.0609
"BX1870V-1","2016/11","E",6,125,"rf",50.1056333333333
"BX1870V-1","2016/12","E",6,125,"rf",44.5397
"BX1870V-1","2017/01","E",6,125,"rf",38.8734666666667
"BX1870V-1","2017/02","E",6,125,"rf",43.9767666666667
"BX1870V-1","2017/03","E",6,125,"rf",58.6854333333334
"BX1870V-1","2017/04","E",6,125,"rf",68.9735000000001
"BX1870V-1","2017/05","E",6,125,"rf",75.5482
"BX1870V-1","2017/06","E",6,125,"rf",88.1018666666666
"BX1870TV54-1","2016/07","E",5,125,"gbm",85.6527924301982
"BX1870TV54-1","2016/08","E",5,125,"gbm",59.9566980403603
"BX1870TV54-1","2016/09","E",5,125,"gbm",55.2518867881059
"BX1870TV54-1","2016/10","E",5,125,"gbm",55.0366803572239
"BX1870TV54-1","2016/11","E",5,125,"gbm",43.0871893343567
"BX1870TV54-1","2016/12","E",5,125,"gbm",46.1340686691911
"BX1870TV54-1","2017/01","E",5,125,"gbm",33.9882541266359
"BX1870TV54-1","2017/02","E",5,125,"gbm",27.8687515755263
"BX1870TV54-1","2017/03","E",5,125,"gbm",54.462264031365
"BX1870TV54-1","2017/04","E",5,125,"gbm",65.4862079109218
"BX1870TV54-1","2017/05","E",5,125,"gbm",68.9214961649683
"BX1870TV54-1","2017/06","E",5,125,"gbm",87.6147557586325
"B3350SUHSD","2016/07","D",2,63,"gbm",37.5298673482807
"B3350SUHSD","2016/08","D",2,63,"gbm",38.7234978111331
"B3350SUHSD","2016/09","D",2,63,"gbm",39.326265644531
"B3350SUHSD","2016/10","D",2,63,"gbm",40.4430269011167
"B3350SUHSD","2016/11","D",2,63,"gbm",34.2436670834195
"B3350SUHSD","2016/12","D",2,63,"gbm",35.8882296644501
"B3350SUHSD","2017/01","D",2,63,"gbm",34.8163049508047
"B3350SUHSD","2017/02","D",2,63,"gbm",24.8103495917983
"B3350SUHSD","2017/03","D",2,63,"gbm",28.8503261528396
"B3350SUHSD","2017/04","D",2,63,"gbm",28.5240926633624
"B3350SUHSD","2017/05","D",2,63,"gbm",25.5094988119313
"B3350SUHSD","2017/06","D",2,63,"gbm",22.7684213551452
"B3350HSDC","2016/07","B",8,54,"rf",33.3617333333333
"B3350HSDC","2016/08","B",8,54,"rf",29.1471
"B3350HSDC","2016/09","B",8,54,"rf",29.5477
"B3350HSDC","2016/10","B",8,54,"rf",31.4432666666666
"B3350HSDC","2016/11","B",8,54,"rf",28.4325666666667
"B3350HSDC","2016/12","B",8,54,"rf",33.5915
"B3350HSDC","2017/01","B",8,54,"rf",31.4445666666667
"B3350HSDC","2017/02","B",8,54,"rf",32.5423666666667
"B3350HSDC","2017/03","B",8,54,"rf",28.6997666666667
"B3350HSDC","2017/04","B",8,54,"rf",25.9876666666667
"B3350HSDC","2017/05","B",8,54,"rf",28.5969666666667
"B3350HSDC","2017/06","B",8,54,"rf",27.8609333333333
"B3350HSD","2016/07","E",1,87,"gbm",45.3464109740588
"B3350HSD","2016/08","E",1,87,"gbm",39.7507527594663
"B3350HSD","2016/09","E",1,87,"gbm",38.7586086412443
"B3350HSD","2016/10","E",1,87,"gbm",39.0249622206045
"B3350HSD","2016/11","E",1,87,"gbm",34.9499935268325
"B3350HSD","2016/12","E",1,87,"gbm",35.6346530779117
"B3350HSD","2017/01","E",1,87,"gbm",34.9760266137416
"B3350HSD","2017/02","E",1,87,"gbm",35.1446707863224
"B3350HSD","2017/03","E",1,87,"gbm",36.0026472907457
"B3350HSD","2017/04","E",1,87,"gbm",36.9402527731389
"B3350HSD","2017/05","E",1,87,"gbm",36.8501187844631
"B3350HSD","2017/06","E",1,87,"gbm",36.8694580824178
"B2650HSDC","2016/07","B",1,135,"gbm",65.1037454607261
"B2650HSDC","2016/08","B",1,135,"gbm",60.8862749714125
"B2650HSDC","2016/09","B",1,135,"gbm",63.8842142527116
"B2650HSDC","2016/10","B",1,135,"gbm",72.2538914588288
"B2650HSDC","2016/11","B",1,135,"gbm",79.105597383664
"B2650HSDC","2016/12","B",1,135,"gbm",102.786048317118
"B2650HSDC","2017/01","B",1,135,"gbm",85.677497762557
"B2650HSDC","2017/02","B",1,135,"gbm",79.6926504202341
"B2650HSDC","2017/03","B",1,135,"gbm",55.8608481078415
"B2650HSDC","2017/04","B",1,135,"gbm",61.5790387708485
"B2650HSDC","2017/05","B",1,135,"gbm",66.9851636651493
"B2650HSDC","2017/06","B",1,135,"gbm",70.8371075174355
"B2650HSD","2016/07","E",1,298,"arima",209.561912411397
"B2650HSD","2016/08","E",1,298,"arima",129.561912411397
"B2650HSD","2016/09","E",1,298,"arima",162.561912411397
"B2650HSD","2016/10","E",1,298,"arima",159.561912411397
"B2650HSD","2016/11","E",1,298,"arima",113.561912411397
"B2650HSD","2016/12","E",1,298,"arima",155.561912411397
"B2650HSD","2017/01","E",1,298,"arima",52.5619124113967
"B2650HSD","2017/02","E",1,298,"arima",80.5619124113966
"B2650HSD","2017/03","E",1,298,"arima",155.561912411397
"B2650HSD","2017/04","E",1,298,"arima",230.561912411397
"B2650HSD","2017/05","E",1,298,"arima",256.561912411397
"B2650HSD","2017/06","E",1,298,"arima",264.561912411397
"B26","2016/07","B",1,96,"enn",138.821475863457
"B26","2016/08","B",1,96,"enn",161.362759828568
"B26","2016/09","B",1,96,"enn",195.693778753281
"B26","2016/10","B",1,96,"enn",204.376566171646
"B26","2016/11","B",1,96,"enn",224.964885473251
"B26","2016/12","B",1,96,"enn",229.512165546417
"B26","2017/01","B",1,96,"enn",231.259368419647
"B26","2017/02","B",1,96,"enn",231.862939357758
"B26","2017/03","B",1,96,"enn",232.100875139236
"B26","2017/04","B",1,96,"enn",232.195234060287
"B26","2017/05","B",1,96,"enn",232.232968568802
"B26","2017/06","B",1,96,"enn",232.248121261597
